utc,local,subdir,bytes,files,bytes_delta,files_delta,mb_per_s,files_per_s
2026-09-04T01:06:53Z,2026-09-03T18:06:53,src,415620398,5294,0,0,0,0
2026-09-04T01:06:53Z,2026-09-03T18:06:53,.,415634322,5302,0,0,0,0
2026-09-04T01:07:55Z,2026-09-03T18:07:55,src,415620398,5294,0,0,0,0
2026-09-04T01:07:55Z,2026-09-03T18:07:55,.,415634322,5302,0,0,0,0
2026-09-04T01:08:57Z,2026-09-03T18:08:57,src,415620398,5294,0,0,0,0
2026-09-04T01:08:57Z,2026-09-03T18:08:57,.,415634322,5302,0,0,0,0
2026-09-04T01:09:59Z,2026-09-03T18:09:59,src,415620398,5294,0,0,0,0
2026-09-04T01:09:59Z,2026-09-03T18:09:59,.,415634322,5302,0,0,0,0
2026-09-04T01:11:00Z,2026-09-03T18:11:00,src,415620398,5294,0,0,0,0
2026-09-04T01:11:00Z,2026-09-03T18:11:00,.,415634322,5302,0,0,0,0
2026-09-04T01:12:02Z,2026-09-03T18:12:02,src,415620398,5294,0,0,0,0
2026-09-04T01:12:02Z,2026-09-03T18:12:02,.,415634322,5302,0,0,0,0
2026-09-04T01:13:04Z,2026-09-03T18:13:04,src,415620398,5294,0,0,0,0
2026-09-04T01:13:04Z,2026-09-03T18:13:04,.,415634322,5302,0,0,0,0
2026-09-04T01:14:06Z,2026-09-03T18:14:06,src,415620398,5294,0,0,0,0
2026-09-04T01:14:06Z,2026-09-03T18:14:06,.,415634322,5302,0,0,0,0
2026-09-04T01:15:08Z,2026-09-03T18:15:08,src,415620398,5294,0,0,0,0
2026-09-04T01:15:08Z,2026-09-03T18:15:08,.,415634322,5302,0,0,0,0
2026-09-04T01:16:09Z,2026-09-03T18:16:09,src,415620398,5294,0,0,0,0
2026-09-04T01:16:09Z,2026-09-03T18:16:09,.,415634322,5302,0,0,0,0
2026-09-04T01:17:11Z,2026-09-03T18:17:11,src,415620398,5294,0,0,0,0
2026-09-04T01:17:11Z,2026-09-03T18:17:11,.,415634322,5302,0,0,0,0
2026-09-04T01:18:13Z,2026-09-03T18:18:13,src,415620398,5294,0,0,0,0
2026-09-04T01:18:13Z,2026-09-03T18:18:13,.,415634322,5302,0,0,0,0
2026-09-04T01:19:15Z,2026-09-03T18:19:15,src,415620398,5294,0,0,0,0
2026-09-04T01:19:15Z,2026-09-03T18:19:15,.,415634322,5302,0,0,0,0
2026-09-04T01:20:17Z,2026-09-03T18:20:17,src,415620398,5294,0,0,0,0
2026-09-04T01:20:17Z,2026-09-03T18:20:17,.,415634322,5302,0,0,0,0
2026-09-04T01:21:18Z,2026-09-03T18:21:18,src,415620398,5294,0,0,0,0
2026-09-04T01:21:18Z,2026-09-03T18:21:18,.,415634322,5302,0,0,0,0
2026-09-04T01:22:20Z,2026-09-03T18:22:20,src,415620398,5294,0,0,0,0
2026-09-04T01:22:20Z,2026-09-03T18:22:20,.,415634322,5302,0,0,0,0
2026-09-04T01:23:23Z,2026-09-03T18:23:23,src,415620398,5294,0,0,0,0
2026-09-04T01:23:23Z,2026-09-03T18:23:23,.,415634322,5302,0,0,0,0
2026-09-04T01:24:25Z,2026-09-03T18:24:25,src,415620398,5294,0,0,0,0
2026-09-04T01:24:25Z,2026-09-03T18:24:25,.,415634322,5302,0,0,0,0
2026-09-04T01:25:26Z,2026-09-03T18:25:26,src,415620398,5294,0,0,0,0
2026-09-04T01:25:26Z,2026-09-03T18:25:26,.,415634322,5302,0,0,0,0
2026-09-04T01:26:28Z,2026-09-03T18:26:28,src,415620398,5294,0,0,0,0
2026-09-04T01:26:28Z,2026-09-03T18:26:28,.,415634322,5302,0,0,0,0
2026-09-04T01:27:30Z,2026-09-03T18:27:30,src,415620398,5294,0,0,0,0
2026-09-04T01:27:30Z,2026-09-03T18:27:30,.,415634322,5302,0,0,0,0
2026-09-04T01:28:32Z,2026-09-03T18:28:32,src,415620398,5294,0,0,0,0
2026-09-04T01:28:32Z,2026-09-03T18:28:32,.,415634322,5302,0,0,0,0
2026-09-04T01:29:33Z,2026-09-03T18:29:33,src,415620398,5294,0,0,0,0
2026-09-04T01:29:33Z,2026-09-03T18:29:33,.,415634322,5302,0,0,0,0
2026-09-04T01:30:35Z,2026-09-03T18:30:35,src,415620398,5294,0,0,0,0
2026-09-04T01:30:35Z,2026-09-03T18:30:35,.,415634322,5302,0,0,0,0
2026-09-04T01:31:36Z,2026-09-03T18:31:36,src,415620398,5294,0,0,0,0
2026-09-04T01:31:36Z,2026-09-03T18:31:36,.,415634322,5302,0,0,0,0
2026-09-04T01:32:38Z,2026-09-03T18:32:38,src,415620398,5294,0,0,0,0
2026-09-04T01:32:38Z,2026-09-03T18:32:38,.,415634322,5302,0,0,0,0
2026-09-04T01:33:40Z,2026-09-03T18:33:40,src,415620398,5294,0,0,0,0
2026-09-04T01:33:40Z,2026-09-03T18:33:40,.,415634322,5302,0,0,0,0
2026-09-04T01:34:41Z,2026-09-03T18:34:41,src,415620398,5294,0,0,0,0
2026-09-04T01:34:41Z,2026-09-03T18:34:41,.,415634322,5302,0,0,0,0
2026-09-04T01:35:43Z,2026-09-03T18:35:43,src,415620398,5294,0,0,0,0
2026-09-04T01:35:43Z,2026-09-03T18:35:43,.,415634322,5302,0,0,0,0
2026-09-04T01:36:45Z,2026-09-03T18:36:45,src,415620398,5294,0,0,0,0
2026-09-04T01:36:45Z,2026-09-03T18:36:45,.,415634322,5302,0,0,0,0
2026-09-04T01:37:46Z,2026-09-03T18:37:46,src,415620398,5294,0,0,0,0
2026-09-04T01:37:46Z,2026-09-03T18:37:46,.,415634322,5302,0,0,0,0
2026-09-04T01:38:48Z,2026-09-03T18:38:48,src,415620398,5294,0,0,0,0
2026-09-04T01:38:48Z,2026-09-03T18:38:48,.,415634322,5302,0,0,0,0
2026-09-04T01:39:50Z,2026-09-03T18:39:50,src,415620398,5294,0,0,0,0
2026-09-04T01:39:50Z,2026-09-03T18:39:50,.,415634322,5302,0,0,0,0
2026-09-04T01:40:51Z,2026-09-03T18:40:51,src,415620398,5294,0,0,0,0
2026-09-04T01:40:51Z,2026-09-03T18:40:51,.,415634322,5302,0,0,0,0
2026-09-04T01:41:53Z,2026-09-03T18:41:53,src,415620398,5294,0,0,0,0
2026-09-04T01:41:53Z,2026-09-03T18:41:53,.,415634322,5302,0,0,0,0
2026-09-04T01:42:54Z,2026-09-03T18:42:54,src,415620398,5294,0,0,0,0
2026-09-04T01:42:54Z,2026-09-03T18:42:54,.,415634322,5302,0,0,0,0
2026-09-04T01:43:56Z,2026-09-03T18:43:56,src,415620398,5294,0,0,0,0
2026-09-04T01:43:56Z,2026-09-03T18:43:56,.,415634322,5302,0,0,0,0
2026-09-04T01:44:58Z,2026-09-03T18:44:58,src,415620398,5294,0,0,0,0
2026-09-04T01:44:58Z,2026-09-03T18:44:58,.,415634322,5302,0,0,0,0
2026-09-04T01:46:00Z,2026-09-03T18:46:00,src,415620398,5294,0,0,0,0
2026-09-04T01:46:00Z,2026-09-03T18:46:00,.,415634322,5302,0,0,0,0
2026-09-04T01:47:01Z,2026-09-03T18:47:01,src,415620398,5294,0,0,0,0
2026-09-04T01:47:01Z,2026-09-03T18:47:01,.,415634322,5302,0,0,0,0
2026-09-04T01:48:03Z,2026-09-03T18:48:03,src,415620398,5294,0,0,0,0
2026-09-04T01:48:03Z,2026-09-03T18:48:03,.,415634322,5302,0,0,0,0
2026-09-04T01:49:04Z,2026-09-03T18:49:04,src,415620398,5294,0,0,0,0
2026-09-04T01:49:04Z,2026-09-03T18:49:04,.,415634322,5302,0,0,0,0
2026-09-04T01:50:06Z,2026-09-03T18:50:06,src,415620398,5294,0,0,0,0
2026-09-04T01:50:06Z,2026-09-03T18:50:06,.,415634322,5302,0,0,0,0
2026-09-04T01:51:08Z,2026-09-03T18:51:08,src,415620398,5294,0,0,0,0
2026-09-04T01:51:08Z,2026-09-03T18:51:08,.,415634322,5302,0,0,0,0
2026-09-04T01:52:09Z,2026-09-03T18:52:09,src,415620398,5294,0,0,0,0
2026-09-04T01:52:09Z,2026-09-03T18:52:09,.,415634322,5302,0,0,0,0
2026-09-04T01:53:11Z,2026-09-03T18:53:11,src,415620398,5294,0,0,0,0
2026-09-04T01:53:11Z,2026-09-03T18:53:11,.,415634322,5302,0,0,0,0
2026-09-04T01:54:13Z,2026-09-03T18:54:13,src,415620398,5294,0,0,0,0
2026-09-04T01:54:13Z,2026-09-03T18:54:13,.,415634322,5302,0,0,0,0
2026-09-04T01:55:14Z,2026-09-03T18:55:14,src,415620398,5294,0,0,0,0
2026-09-04T01:55:14Z,2026-09-03T18:55:14,.,415634322,5302,0,0,0,0
2026-09-04T01:56:16Z,2026-09-03T18:56:16,src,415620398,5294,0,0,0,0
2026-09-04T01:56:16Z,2026-09-03T18:56:16,.,415634322,5302,0,0,0,0
2026-09-04T01:57:17Z,2026-09-03T18:57:17,src,415620398,5294,0,0,0,0
2026-09-04T01:57:17Z,2026-09-03T18:57:17,.,415634322,5302,0,0,0,0
2026-09-04T01:58:19Z,2026-09-03T18:58:19,src,415620398,5294,0,0,0,0
2026-09-04T01:58:19Z,2026-09-03T18:58:19,.,415634322,5302,0,0,0,0
2026-09-04T01:59:21Z,2026-09-03T18:59:21,src,415620398,5294,0,0,0,0
2026-09-04T01:59:21Z,2026-09-03T18:59:21,.,415634322,5302,0,0,0,0
2026-09-04T02:00:22Z,2026-09-03T19:00:22,src,415620398,5294,0,0,0,0
2026-09-04T02:00:22Z,2026-09-03T19:00:22,.,415634322,5302,0,0,0,0
2026-09-04T02:01:24Z,2026-09-03T19:01:24,src,415620398,5294,0,0,0,0
2026-09-04T02:01:24Z,2026-09-03T19:01:24,.,415634322,5302,0,0,0,0
2026-09-04T02:02:26Z,2026-09-03T19:02:26,src,415620398,5294,0,0,0,0
2026-09-04T02:02:26Z,2026-09-03T19:02:26,.,415634322,5302,0,0,0,0
2026-09-04T02:03:27Z,2026-09-03T19:03:27,src,415620398,5294,0,0,0,0
2026-09-04T02:03:27Z,2026-09-03T19:03:27,.,415634322,5302,0,0,0,0
2026-09-04T02:04:29Z,2026-09-03T19:04:29,src,415620398,5294,0,0,0,0
2026-09-04T02:04:29Z,2026-09-03T19:04:29,.,415634322,5302,0,0,0,0
2026-09-04T02:05:31Z,2026-09-03T19:05:31,src,415620398,5294,0,0,0,0
2026-09-04T02:05:31Z,2026-09-03T19:05:31,.,415634322,5302,0,0,0,0
2026-09-04T02:06:32Z,2026-09-03T19:06:32,src,415620398,5294,0,0,0,0
2026-09-04T02:06:32Z,2026-09-03T19:06:32,.,415634322,5302,0,0,0,0
2026-09-04T02:07:34Z,2026-09-03T19:07:34,src,415620398,5294,0,0,0,0
2026-09-04T02:07:34Z,2026-09-03T19:07:34,.,415634322,5302,0,0,0,0
2026-09-04T02:08:36Z,2026-09-03T19:08:36,src,415620398,5294,0,0,0,0
2026-09-04T02:08:36Z,2026-09-03T19:08:36,.,415634322,5302,0,0,0,0
2026-09-04T02:09:37Z,2026-09-03T19:09:37,src,415620398,5294,0,0,0,0
2026-09-04T02:09:37Z,2026-09-03T19:09:37,.,415634322,5302,0,0,0,0
2026-09-04T02:10:39Z,2026-09-03T19:10:39,src,415620398,5294,0,0,0,0
2026-09-04T02:10:39Z,2026-09-03T19:10:39,.,415634322,5302,0,0,0,0
2026-09-04T02:11:41Z,2026-09-03T19:11:41,src,415620398,5294,0,0,0,0
2026-09-04T02:11:41Z,2026-09-03T19:11:41,.,415634322,5302,0,0,0,0
2026-09-04T02:12:42Z,2026-09-03T19:12:42,src,415620398,5294,0,0,0,0
2026-09-04T02:12:42Z,2026-09-03T19:12:42,.,415634322,5302,0,0,0,0
2026-09-04T02:13:44Z,2026-09-03T19:13:44,src,415620398,5294,0,0,0,0
2026-09-04T02:13:44Z,2026-09-03T19:13:44,.,415634322,5302,0,0,0,0
2026-09-04T02:14:46Z,2026-09-03T19:14:46,src,415620398,5294,0,0,0,0
2026-09-04T02:14:46Z,2026-09-03T19:14:46,.,415634322,5302,0,0,0,0
2026-09-04T02:15:47Z,2026-09-03T19:15:47,src,415620398,5294,0,0,0,0
2026-09-04T02:15:47Z,2026-09-03T19:15:47,.,415634322,5302,0,0,0,0
2026-09-04T02:16:49Z,2026-09-03T19:16:49,src,415620398,5294,0,0,0,0
2026-09-04T02:16:49Z,2026-09-03T19:16:49,.,415634322,5302,0,0,0,0
2026-09-04T02:17:51Z,2026-09-03T19:17:51,src,415620398,5294,0,0,0,0
2026-09-04T02:17:51Z,2026-09-03T19:17:51,.,415634322,5302,0,0,0,0
2026-09-04T02:18:53Z,2026-09-03T19:18:53,src,415620398,5294,0,0,0,0
2026-09-04T02:18:53Z,2026-09-03T19:18:53,.,415634322,5302,0,0,0,0
2026-09-04T02:19:54Z,2026-09-03T19:19:54,src,415620398,5294,0,0,0,0
2026-09-04T02:19:54Z,2026-09-03T19:19:54,.,415634322,5302,0,0,0,0
2026-09-04T02:20:56Z,2026-09-03T19:20:56,src,415620398,5294,0,0,0,0
2026-09-04T02:20:56Z,2026-09-03T19:20:56,.,415634322,5302,0,0,0,0
2026-09-04T02:21:58Z,2026-09-03T19:21:58,src,415620398,5294,0,0,0,0
2026-09-04T02:21:58Z,2026-09-03T19:21:58,.,415634322,5302,0,0,0,0
2026-09-04T02:22:59Z,2026-09-03T19:22:59,src,415620398,5294,0,0,0,0
2026-09-04T02:22:59Z,2026-09-03T19:22:59,data,35881394,321,0,0,0,0
2026-09-04T02:22:59Z,2026-09-03T19:22:59,.,451515729,5623,35881407,321,0.57,5.35
2026-09-04T02:24:01Z,2026-09-03T19:24:01,src,415620398,5294,0,0,0,0
2026-09-04T02:24:01Z,2026-09-03T19:24:01,data,52014462,543,16133068,222,0.256,3.7
2026-09-04T02:24:01Z,2026-09-03T19:24:01,.,467648797,5845,16133068,222,0.256,3.7
2026-09-04T02:25:03Z,2026-09-03T19:25:03,src,415620398,5294,0,0,0,0
2026-09-04T02:25:03Z,2026-09-03T19:25:03,data,68220436,767,16205974,224,0.258,3.73
2026-09-04T02:25:03Z,2026-09-03T19:25:03,.,483854771,6069,16205974,224,0.258,3.73
2026-09-04T02:26:05Z,2026-09-03T19:26:05,src,415620398,5294,0,0,0,0
2026-09-04T02:26:05Z,2026-09-03T19:26:05,data,84657677,1093,16437241,326,0.261,5.43
2026-09-04T02:26:05Z,2026-09-03T19:26:05,.,500358638,6396,16503867,327,0.262,5.45
2026-09-04T02:27:06Z,2026-09-03T19:27:06,src,415620398,5294,0,0,0,0
2026-09-04T02:27:06Z,2026-09-03T19:27:06,data,97993891,1277,13336214,184,0.212,3.07
2026-09-04T02:27:06Z,2026-09-03T19:27:06,.,513628226,6579,13269588,183,0.211,3.05
2026-09-04T02:28:08Z,2026-09-03T19:28:08,src,415620398,5294,0,0,0,0
2026-09-04T02:28:08Z,2026-09-03T19:28:08,data,111094583,1445,13100692,168,0.208,2.8
2026-09-04T02:28:08Z,2026-09-03T19:28:08,.,526728918,6747,13100692,168,0.208,2.8
2026-09-04T02:29:10Z,2026-09-03T19:29:10,src,415620398,5294,0,0,0,0
2026-09-04T02:29:10Z,2026-09-03T19:29:10,data,126814719,1623,15720136,178,0.25,2.97
2026-09-04T02:29:10Z,2026-09-03T19:29:10,.,542449054,6925,15720136,178,0.25,2.97
2026-09-04T02:30:12Z,2026-09-03T19:30:12,src,415620398,5294,0,0,0,0
2026-09-04T02:30:12Z,2026-09-03T19:30:12,data,142984903,1887,16170184,264,0.257,4.4
2026-09-04T02:30:12Z,2026-09-03T19:30:12,.,558656102,7190,16207048,265,0.258,4.42
2026-09-04T02:31:14Z,2026-09-03T19:31:14,src,415620398,5294,0,0,0,0
2026-09-04T02:31:14Z,2026-09-03T19:31:14,data,163722270,2358,20737367,471,0.33,7.85
2026-09-04T02:31:14Z,2026-09-03T19:31:14,.,579356605,7660,20700503,470,0.329,7.83
2026-09-04T02:32:16Z,2026-09-03T19:32:16,src,415620398,5294,0,0,0,0
2026-09-04T02:32:16Z,2026-09-03T19:32:16,data,178401842,2598,14679572,240,0.233,4
2026-09-04T02:32:16Z,2026-09-03T19:32:16,.,594036177,7900,14679572,240,0.233,4
2026-09-04T02:33:19Z,2026-09-03T19:33:19,src,415620398,5294,0,0,0,0
2026-09-04T02:33:19Z,2026-09-03T19:33:19,data,190821187,3077,12419345,479,0.197,7.98
2026-09-04T02:33:19Z,2026-09-03T19:33:19,.,606459302,8386,12423125,486,0.197,8.1
2026-09-04T02:34:21Z,2026-09-03T19:34:21,src,415620398,5294,0,0,0,0
2026-09-04T02:34:21Z,2026-09-03T19:34:21,data,211213305,3603,20392118,526,0.324,8.77
2026-09-04T02:34:21Z,2026-09-03T19:34:21,.,626847904,8907,20388602,521,0.324,8.68
2026-09-04T02:35:23Z,2026-09-03T19:35:23,src,415620398,5294,0,0,0,0
2026-09-04T02:35:23Z,2026-09-03T19:35:23,data,227634509,3910,16421204,307,0.261,5.12
2026-09-04T02:35:23Z,2026-09-03T19:35:23,.,643522796,9212,16674892,305,0.265,5.08
2026-09-04T02:36:26Z,2026-09-03T19:36:26,src,415620398,5294,0,0,0,0
2026-09-04T02:36:26Z,2026-09-03T19:36:26,data,242820455,4211,15185946,301,0.241,5.02
2026-09-04T02:36:26Z,2026-09-03T19:36:26,.,658712838,9513,15190042,301,0.241,5.02
2026-09-04T02:37:28Z,2026-09-03T19:37:28,src,415620398,5294,0,0,0,0
2026-09-04T02:37:28Z,2026-09-03T19:37:28,data,263599059,4409,20778604,198,0.33,3.3
2026-09-04T02:37:28Z,2026-09-03T19:37:28,.,679408110,9717,20695272,204,0.329,3.4
2026-09-04T02:38:31Z,2026-09-03T19:38:31,src,415620398,5294,0,0,0,0
2026-09-04T02:38:31Z,2026-09-03T19:38:31,data,280794312,4755,17195253,346,0.273,5.77
2026-09-04T02:38:31Z,2026-09-03T19:38:31,.,696585191,10059,17177081,342,0.273,5.7
2026-09-04T02:39:33Z,2026-09-03T19:39:33,src,415620398,5294,0,0,0,0
2026-09-04T02:39:33Z,2026-09-03T19:39:33,data,286173132,4954,5378820,199,0.085,3.32
2026-09-04T02:39:33Z,2026-09-03T19:39:33,.,701815659,10256,5230468,197,0.083,3.28
2026-09-04T02:40:36Z,2026-09-03T19:40:36,src,415620398,5294,0,0,0,0
2026-09-04T02:40:36Z,2026-09-03T19:40:36,data,286727975,4985,554843,31,0.009,0.52
2026-09-04T02:40:36Z,2026-09-03T19:40:36,.,702366406,10287,550747,31,0.009,0.52
2026-09-04T02:41:38Z,2026-09-03T19:41:38,src,415620398,5294,0,0,0,0
2026-09-04T02:41:38Z,2026-09-03T19:41:38,data,287291049,4985,563074,0,0.009,0
2026-09-04T02:41:38Z,2026-09-03T19:41:38,.,702929480,10287,563074,0,0.009,0
2026-09-04T02:42:41Z,2026-09-03T19:42:41,src,415620398,5294,0,0,0,0
2026-09-04T02:42:41Z,2026-09-03T19:42:41,data,287831566,5015,540517,30,0.009,0.5
2026-09-04T02:42:41Z,2026-09-03T19:42:41,.,703469997,10317,540517,30,0.009,0.5
2026-09-04T02:43:43Z,2026-09-03T19:43:43,src,415620398,5294,0,0,0,0
2026-09-04T02:43:43Z,2026-09-03T19:43:43,data,288389448,5057,557882,42,0.009,0.7
2026-09-04T02:43:43Z,2026-09-03T19:43:43,.,704027879,10359,557882,42,0.009,0.7
2026-09-04T02:44:46Z,2026-09-03T19:44:46,src,415620398,5294,0,0,0,0
2026-09-04T02:44:46Z,2026-09-03T19:44:46,data,288957847,5062,568399,5,0.009,0.08
2026-09-04T02:44:46Z,2026-09-03T19:44:46,.,704596278,10364,568399,5,0.009,0.08
2026-09-04T02:45:49Z,2026-09-03T19:45:49,src,415620398,5294,0,0,0,0
2026-09-04T02:45:49Z,2026-09-03T19:45:49,data,289534384,5126,576537,64,0.009,1.07
2026-09-04T02:45:49Z,2026-09-03T19:45:49,.,705172815,10428,576537,64,0.009,1.07
2026-09-04T02:46:51Z,2026-09-03T19:46:51,src,415620398,5294,0,0,0,0
2026-09-04T02:46:51Z,2026-09-03T19:46:51,data,290106145,5170,571761,44,0.009,0.73
2026-09-04T02:46:51Z,2026-09-03T19:46:51,.,705743810,10476,570995,48,0.009,0.8
2026-09-04T02:47:54Z,2026-09-03T19:47:54,src,415620398,5294,0,0,0,0
2026-09-04T02:47:54Z,2026-09-03T19:47:54,data,290661793,5177,555648,7,0.009,0.12
2026-09-04T02:47:54Z,2026-09-03T19:47:54,.,706300224,10479,556414,3,0.009,0.05
2026-09-04T02:48:56Z,2026-09-03T19:48:56,src,415620398,5294,0,0,0,0
2026-09-04T02:48:56Z,2026-09-03T19:48:56,data,291207624,5184,545831,7,0.009,0.12
2026-09-04T02:48:56Z,2026-09-03T19:48:56,.,706846055,10486,545831,7,0.009,0.12
2026-09-04T02:49:59Z,2026-09-03T19:49:59,src,415620398,5294,0,0,0,0
2026-09-04T02:49:59Z,2026-09-03T19:49:59,data,291727666,5208,520042,24,0.008,0.4
2026-09-04T02:49:59Z,2026-09-03T19:49:59,.,707366097,10510,520042,24,0.008,0.4
2026-09-04T02:51:02Z,2026-09-03T19:51:02,src,415620398,5294,0,0,0,0
2026-09-04T02:51:02Z,2026-09-03T19:51:02,data,292243560,5216,515894,8,0.008,0.13
2026-09-04T02:51:02Z,2026-09-03T19:51:02,.,707881991,10518,515894,8,0.008,0.13
2026-09-04T02:52:04Z,2026-09-03T19:52:04,src,415620398,5294,0,0,0,0
2026-09-04T02:52:04Z,2026-09-03T19:52:04,data,292799014,5217,555454,1,0.009,0.02
2026-09-04T02:52:04Z,2026-09-03T19:52:04,.,708441541,10519,559550,1,0.009,0.02
2026-09-04T02:53:07Z,2026-09-03T19:53:07,src,415620398,5294,0,0,0,0
2026-09-04T02:53:07Z,2026-09-03T19:53:07,data,293339742,5224,540728,7,0.009,0.12
2026-09-04T02:53:07Z,2026-09-03T19:53:07,.,708978173,10526,536632,7,0.009,0.12
2026-09-04T02:54:10Z,2026-09-03T19:54:10,src,415620398,5294,0,0,0,0
2026-09-04T02:54:10Z,2026-09-03T19:54:10,data,293837960,5251,498218,27,0.008,0.45
2026-09-04T02:54:10Z,2026-09-03T19:54:10,.,709483658,10553,505485,27,0.008,0.45
2026-09-04T02:55:12Z,2026-09-03T19:55:12,src,415620398,5294,0,0,0,0
2026-09-04T02:55:12Z,2026-09-03T19:55:12,data,294408337,5274,570377,23,0.009,0.38
2026-09-04T02:55:12Z,2026-09-03T19:55:12,.,710050864,10576,567206,23,0.009,0.38
2026-09-04T02:56:15Z,2026-09-03T19:56:15,src,415620398,5294,0,0,0,0
2026-09-04T02:56:15Z,2026-09-03T19:56:15,data,294916301,5288,507964,14,0.008,0.23
2026-09-04T02:56:15Z,2026-09-03T19:56:15,.,710554732,10590,503868,14,0.008,0.23
2026-09-04T02:57:18Z,2026-09-03T19:57:18,src,415620398,5294,0,0,0,0
2026-09-04T02:57:18Z,2026-09-03T19:57:18,data,295458942,5316,542641,28,0.009,0.47
2026-09-04T02:57:18Z,2026-09-03T19:57:18,.,711093277,10618,538545,28,0.009,0.47
2026-09-04T02:58:20Z,2026-09-03T19:58:20,src,415620398,5294,0,0,0,0
2026-09-04T02:58:20Z,2026-09-03T19:58:20,data,296014717,5332,555775,16,0.009,0.27
2026-09-04T02:58:20Z,2026-09-03T19:58:20,.,711651554,10635,558277,17,0.009,0.28
2026-09-04T02:59:23Z,2026-09-03T19:59:23,src,415620398,5294,0,0,0,0
2026-09-04T02:59:23Z,2026-09-03T19:59:23,data,296556332,5357,541615,25,0.009,0.42
2026-09-04T02:59:23Z,2026-09-03T19:59:23,.,712201412,10659,549858,24,0.009,0.4
2026-09-04T03:00:26Z,2026-09-03T20:00:26,src,415620398,5294,0,0,0,0
2026-09-04T03:00:26Z,2026-09-03T20:00:26,data,297077496,5388,521164,31,0.008,0.52
2026-09-04T03:00:26Z,2026-09-03T20:00:26,.,712720023,10690,518611,31,0.008,0.52
2026-09-04T03:01:29Z,2026-09-03T20:01:29,src,415620398,5294,0,0,0,0
2026-09-04T03:01:29Z,2026-09-03T20:01:29,data,297641774,5424,564278,36,0.009,0.6
2026-09-04T03:01:29Z,2026-09-03T20:01:29,.,713280205,10726,560182,36,0.009,0.6
2026-09-04T03:02:31Z,2026-09-03T20:02:31,src,415620398,5294,0,0,0,0
2026-09-04T03:02:31Z,2026-09-03T20:02:31,data,298143297,5462,501523,38,0.008,0.63
2026-09-04T03:02:31Z,2026-09-03T20:02:31,.,713777632,10764,497427,38,0.008,0.63
2026-09-04T03:03:34Z,2026-09-03T20:03:34,src,415620398,5294,0,0,0,0
2026-09-04T03:03:34Z,2026-09-03T20:03:34,data,298696938,5528,553641,66,0.009,1.1
2026-09-04T03:03:34Z,2026-09-03T20:03:34,.,714335369,10830,557737,66,0.009,1.1
2026-09-04T03:04:37Z,2026-09-03T20:04:37,src,415620398,5294,0,0,0,0
2026-09-04T03:04:37Z,2026-09-03T20:04:37,data,299181452,5549,484514,21,0.008,0.35
2026-09-04T03:04:37Z,2026-09-03T20:04:37,.,714819883,10851,484514,21,0.008,0.35
2026-09-04T03:05:40Z,2026-09-03T20:05:40,src,415620398,5294,0,0,0,0
2026-09-04T03:05:40Z,2026-09-03T20:05:40,data,299721526,5558,540074,9,0.009,0.15
2026-09-04T03:05:40Z,2026-09-03T20:05:40,.,715359957,10860,540074,9,0.009,0.15
2026-09-04T03:06:42Z,2026-09-03T20:06:42,src,415620398,5294,0,0,0,0
2026-09-04T03:06:42Z,2026-09-03T20:06:42,data,300229048,5574,507522,16,0.008,0.27
2026-09-04T03:06:42Z,2026-09-03T20:06:42,.,715863383,10876,503426,16,0.008,0.27
2026-09-04T03:07:45Z,2026-09-03T20:07:45,src,415620398,5294,0,0,0,0
2026-09-04T03:07:45Z,2026-09-03T20:07:45,data,300744309,5579,515261,5,0.008,0.08
2026-09-04T03:07:45Z,2026-09-03T20:07:45,.,716382740,10881,519357,5,0.008,0.08
2026-09-04T03:08:48Z,2026-09-03T20:08:48,src,415620398,5294,0,0,0,0
2026-09-04T03:08:48Z,2026-09-03T20:08:48,data,301225294,5584,480985,5,0.008,0.08
2026-09-04T03:08:48Z,2026-09-03T20:08:48,.,716863725,10886,480985,5,0.008,0.08
2026-09-04T03:09:50Z,2026-09-03T20:09:50,src,415620398,5294,0,0,0,0
2026-09-04T03:09:50Z,2026-09-03T20:09:50,data,301671673,5588,446379,4,0.007,0.07
2026-09-04T03:09:50Z,2026-09-03T20:09:50,.,717313128,10890,449403,4,0.007,0.07
2026-09-04T03:10:53Z,2026-09-03T20:10:53,src,415620398,5294,0,0,0,0
2026-09-04T03:10:53Z,2026-09-03T20:10:53,data,302162075,5633,490402,45,0.008,0.75
2026-09-04T03:10:53Z,2026-09-03T20:10:53,.,717800506,10935,487378,45,0.008,0.75
2026-09-04T03:11:56Z,2026-09-03T20:11:56,src,415620398,5294,0,0,0,0
2026-09-04T03:11:56Z,2026-09-03T20:11:56,data,302724740,5674,562665,41,0.009,0.68
2026-09-04T03:11:56Z,2026-09-03T20:11:56,.,718359075,10976,558569,41,0.009,0.68
2026-09-04T03:12:58Z,2026-09-03T20:12:58,src,415620398,5294,0,0,0,0
2026-09-04T03:12:58Z,2026-09-03T20:12:58,data,303249457,5717,524717,43,0.008,0.72
2026-09-04T03:12:58Z,2026-09-03T20:12:58,.,718891984,11019,532909,43,0.008,0.72
2026-09-04T03:14:01Z,2026-09-03T20:14:01,src,415620398,5294,0,0,0,0
2026-09-04T03:14:01Z,2026-09-03T20:14:01,data,303873304,5766,623847,49,0.01,0.82
2026-09-04T03:14:01Z,2026-09-03T20:14:01,.,719515831,11068,623847,49,0.01,0.82
2026-09-04T03:15:04Z,2026-09-03T20:15:04,src,415620398,5294,0,0,0,0
2026-09-04T03:15:04Z,2026-09-03T20:15:04,data,304407182,5782,533878,16,0.008,0.27
2026-09-04T03:15:04Z,2026-09-03T20:15:04,.,720049709,11084,533878,16,0.008,0.27
2026-09-04T03:16:07Z,2026-09-03T20:16:07,src,415620398,5294,0,0,0,0
2026-09-04T03:16:07Z,2026-09-03T20:16:07,data,304914195,5818,507013,36,0.008,0.6
2026-09-04T03:16:07Z,2026-09-03T20:16:07,.,720548530,11120,498821,36,0.008,0.6
2026-09-04T03:17:09Z,2026-09-03T20:17:09,src,415620398,5294,0,0,0,0
2026-09-04T03:17:09Z,2026-09-03T20:17:09,data,305481582,5837,567387,19,0.009,0.32
2026-09-04T03:17:09Z,2026-09-03T20:17:09,.,721120013,11139,571483,19,0.009,0.32
2026-09-04T03:18:12Z,2026-09-03T20:18:12,src,415620398,5294,0,0,0,0
2026-09-04T03:18:12Z,2026-09-03T20:18:12,data,305969240,5858,487658,21,0.008,0.35
2026-09-04T03:18:12Z,2026-09-03T20:18:12,.,721607671,11160,487658,21,0.008,0.35
2026-09-04T03:19:15Z,2026-09-03T20:19:15,src,415620398,5294,0,0,0,0
2026-09-04T03:19:15Z,2026-09-03T20:19:15,data,306543967,5889,574727,31,0.009,0.52
2026-09-04T03:19:15Z,2026-09-03T20:19:15,.,722181878,11195,574207,35,0.009,0.58
2026-09-04T03:20:18Z,2026-09-03T20:20:18,src,415620398,5294,0,0,0,0
2026-09-04T03:20:18Z,2026-09-03T20:20:18,data,307060738,5903,516771,14,0.008,0.23
2026-09-04T03:20:18Z,2026-09-03T20:20:18,.,722703265,11205,521387,10,0.008,0.17
2026-09-04T03:21:20Z,2026-09-03T20:21:20,src,415620398,5294,0,0,0,0
2026-09-04T03:21:20Z,2026-09-03T20:21:20,data,307530893,5910,470155,7,0.007,0.12
2026-09-04T03:21:20Z,2026-09-03T20:21:20,.,723169324,11212,466059,7,0.007,0.12
2026-09-04T03:22:23Z,2026-09-03T20:22:23,src,415620398,5294,0,0,0,0
2026-09-04T03:22:23Z,2026-09-03T20:22:23,data,308061088,5915,530195,5,0.008,0.08
2026-09-04T03:22:23Z,2026-09-03T20:22:23,.,723701128,11217,531804,5,0.008,0.08
2026-09-04T03:23:26Z,2026-09-03T20:23:26,src,415620398,5294,0,0,0,0
2026-09-04T03:23:26Z,2026-09-03T20:23:26,data,308592599,5943,531511,28,0.008,0.47
2026-09-04T03:23:26Z,2026-09-03T20:23:26,.,724231030,11245,529902,28,0.008,0.47
2026-09-04T03:24:29Z,2026-09-03T20:24:29,src,415620398,5294,0,0,0,0
2026-09-04T03:24:29Z,2026-09-03T20:24:29,data,309075083,5957,482484,14,0.008,0.23
2026-09-04T03:24:29Z,2026-09-03T20:24:29,.,724715917,11259,484887,14,0.008,0.23
2026-09-04T03:25:31Z,2026-09-03T20:25:31,src,415620398,5294,0,0,0,0
2026-09-04T03:25:31Z,2026-09-03T20:25:31,data,309550126,5972,475043,15,0.008,0.25
2026-09-04T03:25:31Z,2026-09-03T20:25:31,.,725195627,11274,479710,15,0.008,0.25
2026-09-04T03:26:34Z,2026-09-03T20:26:34,src,415620398,5294,0,0,0,0
2026-09-04T03:26:34Z,2026-09-03T20:26:34,data,310043556,6019,493430,47,0.008,0.78
2026-09-04T03:26:34Z,2026-09-03T20:26:34,.,725681987,11321,486360,47,0.008,0.78
2026-09-04T03:27:37Z,2026-09-03T20:27:37,src,415620398,5294,0,0,0,0
2026-09-04T03:27:37Z,2026-09-03T20:27:37,data,310518603,6029,475047,10,0.008,0.17
2026-09-04T03:27:37Z,2026-09-03T20:27:37,.,726152938,11331,470951,10,0.007,0.17
2026-09-04T03:28:40Z,2026-09-03T20:28:40,src,415620398,5294,0,0,0,0
2026-09-04T03:28:40Z,2026-09-03T20:28:40,data,310992325,6042,473722,13,0.008,0.22
2026-09-04T03:28:40Z,2026-09-03T20:28:40,.,726630756,11344,477818,13,0.008,0.22
2026-09-04T03:29:42Z,2026-09-03T20:29:42,src,415620398,5294,0,0,0,0
2026-09-04T03:29:42Z,2026-09-03T20:29:42,data,311455634,6059,463309,17,0.007,0.28
2026-09-04T03:29:42Z,2026-09-03T20:29:42,.,727089969,11361,459213,17,0.007,0.28
2026-09-04T03:30:45Z,2026-09-03T20:30:45,src,415620398,5294,0,0,0,0
2026-09-04T03:30:45Z,2026-09-03T20:30:45,data,311903854,6065,448220,6,0.007,0.1
2026-09-04T03:30:45Z,2026-09-03T20:30:45,.,727542285,11367,452316,6,0.007,0.1
2026-09-04T03:31:48Z,2026-09-03T20:31:48,src,415620398,5294,0,0,0,0
2026-09-04T03:31:48Z,2026-09-03T20:31:48,data,312406299,6084,502445,19,0.008,0.32
2026-09-04T03:31:48Z,2026-09-03T20:31:48,.,728044730,11386,502445,19,0.008,0.32
2026-09-04T03:32:51Z,2026-09-03T20:32:51,src,415620398,5294,0,0,0,0
2026-09-04T03:32:51Z,2026-09-03T20:32:51,data,312981009,6120,574710,36,0.009,0.6
2026-09-04T03:32:51Z,2026-09-03T20:32:51,.,728626288,11424,581558,38,0.009,0.63
2026-09-04T03:33:54Z,2026-09-03T20:33:54,src,415620398,5294,0,0,0,0
2026-09-04T03:33:54Z,2026-09-03T20:33:54,data,313483523,6127,502514,7,0.008,0.12
2026-09-04T03:33:54Z,2026-09-03T20:33:54,.,729126050,11429,499762,5,0.008,0.08
2026-09-04T03:34:56Z,2026-09-03T20:34:56,src,415620398,5294,0,0,0,0
2026-09-04T03:34:56Z,2026-09-03T20:34:56,data,314004126,6129,520603,2,0.008,0.03
2026-09-04T03:34:56Z,2026-09-03T20:34:56,.,729646653,11431,520603,2,0.008,0.03
2026-09-04T03:35:59Z,2026-09-03T20:35:59,src,415620398,5294,0,0,0,0
2026-09-04T03:35:59Z,2026-09-03T20:35:59,data,314500571,6129,496445,0,0.008,0
2026-09-04T03:35:59Z,2026-09-03T20:35:59,.,730144103,11431,497450,0,0.008,0
2026-09-04T03:37:02Z,2026-09-03T20:37:02,src,415620398,5294,0,0,0,0
2026-09-04T03:37:02Z,2026-09-03T20:37:02,data,315013611,6134,513040,5,0.008,0.08
2026-09-04T03:37:02Z,2026-09-03T20:37:02,.,730660754,11436,516651,5,0.008,0.08
2026-09-04T03:38:05Z,2026-09-03T20:38:05,src,415620398,5294,0,0,0,0
2026-09-04T03:38:05Z,2026-09-03T20:38:05,data,315426369,6140,412758,6,0.007,0.1
2026-09-04T03:38:05Z,2026-09-03T20:38:05,.,731060704,11442,399950,6,0.006,0.1
2026-09-04T03:39:08Z,2026-09-03T20:39:08,src,415620398,5294,0,0,0,0
2026-09-04T03:39:08Z,2026-09-03T20:39:08,data,315894452,6151,468083,11,0.007,0.18
2026-09-04T03:39:08Z,2026-09-03T20:39:08,.,731532883,11453,472179,11,0.008,0.18
2026-09-04T03:40:11Z,2026-09-03T20:40:11,src,415620398,5294,0,0,0,0
2026-09-04T03:40:11Z,2026-09-03T20:40:11,data,316421696,6156,527244,5,0.008,0.08
2026-09-04T03:40:11Z,2026-09-03T20:40:11,.,732064223,11458,531340,5,0.008,0.08
2026-09-04T03:41:13Z,2026-09-03T20:41:13,src,415620398,5294,0,0,0,0
2026-09-04T03:41:13Z,2026-09-03T20:41:13,data,316936792,6159,515096,3,0.008,0.05
2026-09-04T03:41:13Z,2026-09-03T20:41:13,.,732575223,11461,511000,3,0.008,0.05
2026-09-04T03:42:16Z,2026-09-03T20:42:16,src,415620398,5294,0,0,0,0
2026-09-04T03:42:16Z,2026-09-03T20:42:16,data,317408946,6177,472154,18,0.008,0.3
2026-09-04T03:42:16Z,2026-09-03T20:42:16,.,733043281,11479,468058,18,0.007,0.3
2026-09-04T03:43:19Z,2026-09-03T20:43:19,src,415620398,5294,0,0,0,0
2026-09-04T03:43:19Z,2026-09-03T20:43:19,data,317901577,6179,492631,2,0.008,0.03
2026-09-04T03:43:19Z,2026-09-03T20:43:19,.,733540008,11481,496727,2,0.008,0.03
2026-09-04T03:44:22Z,2026-09-03T20:44:22,src,415620398,5294,0,0,0,0
2026-09-04T03:44:22Z,2026-09-03T20:44:22,data,318439272,6181,537695,2,0.009,0.03
2026-09-04T03:44:22Z,2026-09-03T20:44:22,.,734081799,11483,541791,2,0.009,0.03
2026-09-04T03:45:25Z,2026-09-03T20:45:25,src,415620398,5294,0,0,0,0
2026-09-04T03:45:25Z,2026-09-03T20:45:25,data,318949370,6184,510098,3,0.008,0.05
2026-09-04T03:45:25Z,2026-09-03T20:45:25,.,734591897,11486,510098,3,0.008,0.05
2026-09-04T03:46:28Z,2026-09-03T20:46:28,src,415620398,5294,0,0,0,0
2026-09-04T03:46:28Z,2026-09-03T20:46:28,data,319427917,6186,478547,2,0.008,0.03
2026-09-04T03:46:28Z,2026-09-03T20:46:28,.,735070444,11488,478547,2,0.008,0.03
2026-09-04T03:47:31Z,2026-09-03T20:47:31,src,415620398,5294,0,0,0,0
2026-09-04T03:47:31Z,2026-09-03T20:47:31,data,320003217,6186,575300,0,0.009,0
2026-09-04T03:47:31Z,2026-09-03T20:47:31,.,735641648,11488,571204,0,0.009,0
2026-09-04T03:48:34Z,2026-09-03T20:48:34,src,415620398,5294,0,0,0,0
2026-09-04T03:48:34Z,2026-09-03T20:48:34,data,320493374,6190,490157,4,0.008,0.07
2026-09-04T03:48:34Z,2026-09-03T20:48:34,.,736135901,11492,494253,4,0.008,0.07
2026-09-04T03:49:36Z,2026-09-03T20:49:36,src,415620398,5294,0,0,0,0
2026-09-04T03:49:36Z,2026-09-03T20:49:36,data,321038104,6190,544730,0,0.009,0
2026-09-04T03:49:36Z,2026-09-03T20:49:36,.,736684493,11492,548592,0,0.009,0
2026-09-04T03:50:39Z,2026-09-03T20:50:39,src,415620398,5294,0,0,0,0
2026-09-04T03:50:39Z,2026-09-03T20:50:39,data,321598495,6190,560391,0,0.009,0
2026-09-04T03:50:39Z,2026-09-03T20:50:39,.,737244169,11492,559676,0,0.009,0
2026-09-04T03:51:42Z,2026-09-03T20:51:42,src,415620398,5294,0,0,0,0
2026-09-04T03:51:42Z,2026-09-03T20:51:42,data,322137693,6193,539198,3,0.009,0.05
2026-09-04T03:51:42Z,2026-09-03T20:51:42,.,737779736,11495,535567,3,0.009,0.05
2026-09-04T03:52:45Z,2026-09-03T20:52:45,src,415620398,5294,0,0,0,0
2026-09-04T03:52:45Z,2026-09-03T20:52:45,data,322600548,6211,462855,18,0.007,0.3
2026-09-04T03:52:45Z,2026-09-03T20:52:45,.,738238979,11513,459243,18,0.007,0.3
2026-09-04T03:53:48Z,2026-09-03T20:53:48,src,415620398,5294,0,0,0,0
2026-09-04T03:53:48Z,2026-09-03T20:53:48,data,323171744,6211,571196,0,0.009,0
2026-09-04T03:53:48Z,2026-09-03T20:53:48,.,738814271,11513,575292,0,0.009,0
2026-09-04T03:54:51Z,2026-09-03T20:54:51,src,415620398,5294,0,0,0,0
2026-09-04T03:54:51Z,2026-09-03T20:54:51,data,323753504,6211,581760,0,0.009,0
2026-09-04T03:54:51Z,2026-09-03T20:54:51,.,739391935,11513,577664,0,0.009,0
2026-09-04T03:55:54Z,2026-09-03T20:55:54,src,415620398,5294,0,0,0,0
2026-09-04T03:55:54Z,2026-09-03T20:55:54,data,324466802,6477,713298,266,0.011,4.43
2026-09-04T03:55:54Z,2026-09-03T20:55:54,.,740145213,11792,753278,279,0.012,4.65
2026-09-04T03:56:57Z,2026-09-03T20:56:57,src,415620398,5294,0,0,0,0
2026-09-04T03:56:57Z,2026-09-03T20:56:57,data,324537433,6511,70631,34,0.001,0.57
2026-09-04T03:56:57Z,2026-09-03T20:56:57,.,740171768,11813,26555,21,0,0.35
2026-09-04T03:58:00Z,2026-09-03T20:58:00,src,415620398,5294,0,0,0,0
2026-09-04T03:58:00Z,2026-09-03T20:58:00,data,324537433,6511,0,0,0,0
2026-09-04T03:58:00Z,2026-09-03T20:58:00,.,740171768,11813,0,0,0,0
2026-09-04T03:59:03Z,2026-09-03T20:59:03,src,415620398,5294,0,0,0,0
2026-09-04T03:59:03Z,2026-09-03T20:59:03,data,324537433,6511,0,0,0,0
2026-09-04T03:59:03Z,2026-09-03T20:59:03,.,740171768,11813,0,0,0,0
2026-09-04T04:00:05Z,2026-09-03T21:00:05,src,415620398,5294,0,0,0,0
2026-09-04T04:00:05Z,2026-09-03T21:00:05,data,324537433,6511,0,0,0,0
2026-09-04T04:00:05Z,2026-09-03T21:00:05,.,740171768,11813,0,0,0,0
2026-09-04T04:01:08Z,2026-09-03T21:01:08,src,415620398,5294,0,0,0,0
2026-09-04T04:01:08Z,2026-09-03T21:01:08,data,324537433,6511,0,0,0,0
2026-09-04T04:01:08Z,2026-09-03T21:01:08,.,740171768,11813,0,0,0,0
2026-09-04T04:02:11Z,2026-09-03T21:02:11,src,415620398,5294,0,0,0,0
2026-09-04T04:02:11Z,2026-09-03T21:02:11,data,324537433,6511,0,0,0,0
2026-09-04T04:02:11Z,2026-09-03T21:02:11,.,740171768,11813,0,0,0,0
2026-09-04T04:03:14Z,2026-09-03T21:03:14,src,415620398,5294,0,0,0,0
2026-09-04T04:03:14Z,2026-09-03T21:03:14,data,324537433,6511,0,0,0,0
2026-09-04T04:03:14Z,2026-09-03T21:03:14,.,740171768,11813,0,0,0,0
2026-09-04T04:04:17Z,2026-09-03T21:04:17,src,415620398,5294,0,0,0,0
2026-09-04T04:04:17Z,2026-09-03T21:04:17,data,324537433,6511,0,0,0,0
2026-09-04T04:04:17Z,2026-09-03T21:04:17,.,740171768,11813,0,0,0,0
2026-09-04T04:05:20Z,2026-09-03T21:05:20,src,415620398,5294,0,0,0,0
2026-09-04T04:05:20Z,2026-09-03T21:05:20,data,324537433,6511,0,0,0,0
2026-09-04T04:05:20Z,2026-09-03T21:05:20,.,740171768,11813,0,0,0,0
2026-09-04T04:06:23Z,2026-09-03T21:06:23,src,415620398,5294,0,0,0,0
2026-09-04T04:06:23Z,2026-09-03T21:06:23,data,324537433,6511,0,0,0,0
2026-09-04T04:06:23Z,2026-09-03T21:06:23,.,740171768,11813,0,0,0,0
2026-09-04T04:07:26Z,2026-09-03T21:07:26,src,415620398,5294,0,0,0,0
2026-09-04T04:07:26Z,2026-09-03T21:07:26,data,324537433,6511,0,0,0,0
2026-09-04T04:07:26Z,2026-09-03T21:07:26,.,740171768,11813,0,0,0,0
2026-09-04T04:08:29Z,2026-09-03T21:08:29,src,415620398,5294,0,0,0,0
2026-09-04T04:08:29Z,2026-09-03T21:08:29,data,324537433,6511,0,0,0,0
2026-09-04T04:08:29Z,2026-09-03T21:08:29,.,740171768,11813,0,0,0,0
2026-09-04T04:09:31Z,2026-09-03T21:09:31,src,415620398,5294,0,0,0,0
2026-09-04T04:09:31Z,2026-09-03T21:09:31,data,324537433,6511,0,0,0,0
2026-09-04T04:09:31Z,2026-09-03T21:09:31,.,740171768,11813,0,0,0,0
2026-09-04T04:10:34Z,2026-09-03T21:10:34,src,415620398,5294,0,0,0,0
2026-09-04T04:10:34Z,2026-09-03T21:10:34,data,324537433,6511,0,0,0,0
2026-09-04T04:10:34Z,2026-09-03T21:10:34,.,740171768,11813,0,0,0,0
2026-09-04T04:11:37Z,2026-09-03T21:11:37,src,415620398,5294,0,0,0,0
2026-09-04T04:11:37Z,2026-09-03T21:11:37,data,324537433,6511,0,0,0,0
2026-09-04T04:11:37Z,2026-09-03T21:11:37,.,740171768,11813,0,0,0,0
2026-09-04T04:12:40Z,2026-09-03T21:12:40,src,415620398,5294,0,0,0,0
2026-09-04T04:12:40Z,2026-09-03T21:12:40,data,324537433,6511,0,0,0,0
2026-09-04T04:12:40Z,2026-09-03T21:12:40,.,740171768,11813,0,0,0,0
2026-09-04T04:13:43Z,2026-09-03T21:13:43,src,415620398,5294,0,0,0,0
2026-09-04T04:13:43Z,2026-09-03T21:13:43,data,324537433,6511,0,0,0,0
2026-09-04T04:13:43Z,2026-09-03T21:13:43,.,740171768,11813,0,0,0,0
2026-09-04T04:14:46Z,2026-09-03T21:14:46,src,415620398,5294,0,0,0,0
2026-09-04T04:14:46Z,2026-09-03T21:14:46,data,324537433,6511,0,0,0,0
2026-09-04T04:14:46Z,2026-09-03T21:14:46,.,740171768,11813,0,0,0,0
2026-09-04T04:15:49Z,2026-09-03T21:15:49,src,415620398,5294,0,0,0,0
2026-09-04T04:15:49Z,2026-09-03T21:15:49,data,341122847,6731,16585414,220,0.264,3.67
2026-09-04T04:15:49Z,2026-09-03T21:15:49,.,756977672,12038,16805904,225,0.267,3.75
2026-09-04T04:16:52Z,2026-09-03T21:16:52,src,415620398,5294,0,0,0,0
2026-09-04T04:16:52Z,2026-09-03T21:16:52,data,345675748,6866,4552901,135,0.072,2.25
2026-09-04T04:16:52Z,2026-09-03T21:16:52,.,761310083,12168,4332411,130,0.069,2.17
2026-09-04T04:17:55Z,2026-09-03T21:17:55,src,415620398,5294,0,0,0,0
2026-09-04T04:17:55Z,2026-09-03T21:17:55,data,345675748,6866,0,0,0,0
2026-09-04T04:17:55Z,2026-09-03T21:17:55,.,761310083,12168,0,0,0,0
2026-09-04T04:18:58Z,2026-09-03T21:18:58,src,415620398,5294,0,0,0,0
2026-09-04T04:18:58Z,2026-09-03T21:18:58,data,345675748,6866,0,0,0,0
2026-09-04T04:18:58Z,2026-09-03T21:18:58,.,761310083,12168,0,0,0,0
2026-09-04T04:20:01Z,2026-09-03T21:20:01,src,415620398,5294,0,0,0,0
2026-09-04T04:20:01Z,2026-09-03T21:20:01,data,345675748,6866,0,0,0,0
2026-09-04T04:20:01Z,2026-09-03T21:20:01,.,761310083,12168,0,0,0,0
2026-09-04T04:21:04Z,2026-09-03T21:21:04,src,415620398,5294,0,0,0,0
2026-09-04T04:21:04Z,2026-09-03T21:21:04,data,345675748,6866,0,0,0,0
2026-09-04T04:21:04Z,2026-09-03T21:21:04,.,761310083,12168,0,0,0,0
2026-09-04T04:22:07Z,2026-09-03T21:22:07,src,415620398,5294,0,0,0,0
2026-09-04T04:22:07Z,2026-09-03T21:22:07,data,345675748,6866,0,0,0,0
2026-09-04T04:22:07Z,2026-09-03T21:22:07,.,761310083,12168,0,0,0,0
2026-09-04T04:23:10Z,2026-09-03T21:23:10,src,415620398,5294,0,0,0,0
2026-09-04T04:23:10Z,2026-09-03T21:23:10,data,345675748,6866,0,0,0,0
2026-09-04T04:23:10Z,2026-09-03T21:23:10,.,761310083,12168,0,0,0,0
2026-09-04T04:24:13Z,2026-09-03T21:24:13,src,415620398,5294,0,0,0,0
2026-09-04T04:24:13Z,2026-09-03T21:24:13,data,345675748,6866,0,0,0,0
2026-09-04T04:24:13Z,2026-09-03T21:24:13,.,761310083,12168,0,0,0,0
2026-09-04T04:25:16Z,2026-09-03T21:25:16,src,415620398,5294,0,0,0,0
2026-09-04T04:25:16Z,2026-09-03T21:25:16,data,345675748,6866,0,0,0,0
2026-09-04T04:25:16Z,2026-09-03T21:25:16,.,761310083,12168,0,0,0,0
2026-09-04T04:26:19Z,2026-09-03T21:26:19,src,415620398,5294,0,0,0,0
2026-09-04T04:26:19Z,2026-09-03T21:26:19,data,345675748,6866,0,0,0,0
2026-09-04T04:26:19Z,2026-09-03T21:26:19,.,761310083,12168,0,0,0,0
2026-09-04T04:27:22Z,2026-09-03T21:27:22,src,415620398,5294,0,0,0,0
2026-09-04T04:27:22Z,2026-09-03T21:27:22,data,345675748,6866,0,0,0,0
2026-09-04T04:27:22Z,2026-09-03T21:27:22,.,761310083,12168,0,0,0,0
2026-09-04T04:28:25Z,2026-09-03T21:28:25,src,415620398,5294,0,0,0,0
2026-09-04T04:28:25Z,2026-09-03T21:28:25,data,345675748,6866,0,0,0,0
2026-09-04T04:28:25Z,2026-09-03T21:28:25,.,761310083,12168,0,0,0,0
2026-09-04T04:29:28Z,2026-09-03T21:29:28,src,415620398,5294,0,0,0,0
2026-09-04T04:29:28Z,2026-09-03T21:29:28,data,345675748,6866,0,0,0,0
2026-09-04T04:29:28Z,2026-09-03T21:29:28,.,761310083,12168,0,0,0,0
2026-09-04T04:30:31Z,2026-09-03T21:30:31,src,415620398,5294,0,0,0,0
2026-09-04T04:30:31Z,2026-09-03T21:30:31,data,345675748,6866,0,0,0,0
2026-09-04T04:30:31Z,2026-09-03T21:30:31,.,761310083,12168,0,0,0,0
2026-09-04T04:31:34Z,2026-09-03T21:31:34,src,415620398,5294,0,0,0,0
2026-09-04T04:31:34Z,2026-09-03T21:31:34,data,345675748,6866,0,0,0,0
2026-09-04T04:31:34Z,2026-09-03T21:31:34,.,761310083,12168,0,0,0,0
2026-09-04T04:32:37Z,2026-09-03T21:32:37,src,415620398,5294,0,0,0,0
2026-09-04T04:32:37Z,2026-09-03T21:32:37,data,345675748,6866,0,0,0,0
2026-09-04T04:32:37Z,2026-09-03T21:32:37,.,761310083,12168,0,0,0,0
2026-09-04T04:33:40Z,2026-09-03T21:33:40,src,415620398,5294,0,0,0,0
2026-09-04T04:33:40Z,2026-09-03T21:33:40,data,345675748,6866,0,0,0,0
2026-09-04T04:33:40Z,2026-09-03T21:33:40,.,761310083,12168,0,0,0,0
2026-09-04T04:34:43Z,2026-09-03T21:34:43,src,415620398,5294,0,0,0,0
2026-09-04T04:34:43Z,2026-09-03T21:34:43,data,363264722,7394,17588974,528,0.28,8.8
2026-09-04T04:34:43Z,2026-09-03T21:34:43,.,779395189,12731,18085106,563,0.287,9.38
2026-09-04T04:35:46Z,2026-09-03T21:35:46,src,415620398,5294,0,0,0,0
2026-09-04T04:35:46Z,2026-09-03T21:35:46,data,364433396,7460,1168674,66,0.019,1.1
2026-09-04T04:35:46Z,2026-09-03T21:35:46,.,780067731,12762,672542,31,0.011,0.52
2026-09-04T04:36:49Z,2026-09-03T21:36:49,src,415620398,5294,0,0,0,0
2026-09-04T04:36:49Z,2026-09-03T21:36:49,data,365573370,7508,1139974,48,0.018,0.8
2026-09-04T04:36:49Z,2026-09-03T21:36:49,.,781207705,12810,1139974,48,0.018,0.8
2026-09-04T04:37:52Z,2026-09-03T21:37:52,src,415620398,5294,0,0,0,0
2026-09-04T04:37:52Z,2026-09-03T21:37:52,data,366531723,7562,958353,54,0.015,0.9
2026-09-04T04:37:52Z,2026-09-03T21:37:52,.,782166058,12864,958353,54,0.015,0.9
2026-09-04T04:38:56Z,2026-09-03T21:38:56,src,415620398,5294,0,0,0,0
2026-09-04T04:38:56Z,2026-09-03T21:38:56,data,367446090,7594,914367,32,0.015,0.53
2026-09-04T04:38:56Z,2026-09-03T21:38:56,.,783080425,12896,914367,32,0.015,0.53
2026-09-04T04:39:59Z,2026-09-03T21:39:59,src,415620398,5294,0,0,0,0
2026-09-04T04:39:59Z,2026-09-03T21:39:59,data,367446090,7594,0,0,0,0
2026-09-04T04:39:59Z,2026-09-03T21:39:59,.,783080425,12896,0,0,0,0
2026-09-04T04:41:02Z,2026-09-03T21:41:02,src,415620398,5294,0,0,0,0
2026-09-04T04:41:02Z,2026-09-03T21:41:02,data,367446090,7594,0,0,0,0
2026-09-04T04:41:02Z,2026-09-03T21:41:02,.,783080425,12896,0,0,0,0
2026-09-04T04:42:05Z,2026-09-03T21:42:05,src,415620398,5294,0,0,0,0
2026-09-04T04:42:05Z,2026-09-03T21:42:05,data,370225076,7645,2778986,51,0.044,0.85
2026-09-04T04:42:05Z,2026-09-03T21:42:05,.,785859411,12947,2778986,51,0.044,0.85
2026-09-04T04:43:08Z,2026-09-03T21:43:08,src,415620398,5294,0,0,0,0
2026-09-04T04:43:08Z,2026-09-03T21:43:08,data,371163944,7668,938868,23,0.015,0.38
2026-09-04T04:43:08Z,2026-09-03T21:43:08,.,787284067,12978,1424656,31,0.023,0.52
2026-09-04T04:44:12Z,2026-09-03T21:44:12,src,415620398,5294,0,0,0,0
2026-09-04T04:44:12Z,2026-09-03T21:44:12,data,372828921,7708,1664977,40,0.026,0.67
2026-09-04T04:44:12Z,2026-09-03T21:44:12,.,788463256,13010,1179189,32,0.019,0.53
2026-09-04T04:45:15Z,2026-09-03T21:45:15,src,415620398,5294,0,0,0,0
2026-09-04T04:45:15Z,2026-09-03T21:45:15,data,373664572,7780,835651,72,0.013,1.2
2026-09-04T04:45:15Z,2026-09-03T21:45:15,.,789298907,13082,835651,72,0.013,1.2
2026-09-04T04:46:18Z,2026-09-03T21:46:18,src,415620398,5294,0,0,0,0
2026-09-04T04:46:18Z,2026-09-03T21:46:18,data,389681893,8032,16017321,252,0.255,4.2
2026-09-04T04:46:18Z,2026-09-03T21:46:18,.,806446162,13339,17147255,257,0.273,4.28
2026-09-04T04:47:21Z,2026-09-03T21:47:21,src,415620398,5294,0,0,0,0
2026-09-04T04:47:21Z,2026-09-03T21:47:21,data,458791644,10240,69109751,2208,1.098,36.8
2026-09-04T04:47:21Z,2026-09-03T21:47:21,.,877529526,15546,71083364,2207,1.13,36.78
2026-09-04T04:48:25Z,2026-09-03T21:48:25,src,415620398,5294,0,0,0,0
2026-09-04T04:48:25Z,2026-09-03T21:48:25,data,573069996,11733,114278352,1493,1.816,24.88
2026-09-04T04:48:25Z,2026-09-03T21:48:25,.,995314903,17061,117785377,1515,1.872,25.25
2026-09-04T04:49:29Z,2026-09-03T21:49:29,src,415620398,5294,0,0,0,0
2026-09-04T04:49:29Z,2026-09-03T21:49:29,data,607527456,12612,34457460,879,0.548,14.65
2026-09-04T04:49:29Z,2026-09-03T21:49:29,.,1023161806,17914,27846903,853,0.443,14.22
2026-09-04T04:50:33Z,2026-09-03T21:50:33,src,415620398,5294,0,0,0,0
2026-09-04T04:50:33Z,2026-09-03T21:50:33,data,631330384,12644,23802928,32,0.378,0.53
2026-09-04T04:50:33Z,2026-09-03T21:50:33,.,1046964734,17946,23802928,32,0.378,0.53
2026-09-04T04:51:37Z,2026-09-03T21:51:37,src,415620398,5294,0,0,0,0
2026-09-04T04:51:37Z,2026-09-03T21:51:37,data,651359956,12663,20029572,19,0.318,0.32
2026-09-04T04:51:37Z,2026-09-03T21:51:37,.,1066994306,17965,20029572,19,0.318,0.32
2026-09-04T04:52:41Z,2026-09-03T21:52:41,src,415620398,5294,0,0,0,0
2026-09-04T04:52:41Z,2026-09-03T21:52:41,data,678436652,12692,27076696,29,0.43,0.48
2026-09-04T04:52:41Z,2026-09-03T21:52:41,.,1094071002,17994,27076696,29,0.43,0.48
2026-09-04T04:53:46Z,2026-09-03T21:53:46,src,415620398,5294,0,0,0,0
2026-09-04T04:53:46Z,2026-09-03T21:53:46,data,694467220,12709,16030568,17,0.255,0.28
2026-09-04T04:53:46Z,2026-09-03T21:53:46,.,1110101570,18011,16030568,17,0.255,0.28
2026-09-04T04:54:50Z,2026-09-03T21:54:50,src,415620398,5294,0,0,0,0
2026-09-04T04:54:50Z,2026-09-03T21:54:50,data,713523604,12729,19056384,20,0.303,0.33
2026-09-04T04:54:50Z,2026-09-03T21:54:50,.,1129157954,18031,19056384,20,0.303,0.33
2026-09-04T04:55:54Z,2026-09-03T21:55:54,src,415620398,5294,0,0,0,0
2026-09-04T04:55:54Z,2026-09-03T21:55:54,data,737790692,12748,24267088,19,0.386,0.32
2026-09-04T04:55:54Z,2026-09-03T21:55:54,.,1157171738,18052,28013784,21,0.445,0.35
2026-09-04T04:56:59Z,2026-09-03T21:56:59,src,415620398,5294,0,0,0,0
2026-09-04T04:56:59Z,2026-09-03T21:56:59,data,762187412,12769,24396720,21,0.388,0.35
2026-09-04T04:56:59Z,2026-09-03T21:56:59,.,1179302630,18072,22130892,20,0.352,0.33
2026-09-04T04:58:03Z,2026-09-03T21:58:03,src,415620398,5294,0,0,0,0
2026-09-04T04:58:03Z,2026-09-03T21:58:03,data,791682048,12794,29494636,25,0.469,0.42
2026-09-04T04:58:03Z,2026-09-03T21:58:03,.,1207316398,18096,28013768,24,0.445,0.4
2026-09-04T04:59:07Z,2026-09-03T21:59:07,src,415620398,5294,0,0,0,0
2026-09-04T04:59:07Z,2026-09-03T21:59:07,data,822786496,12816,31104448,22,0.494,0.37
2026-09-04T04:59:07Z,2026-09-03T21:59:07,.,1238420846,18118,31104448,22,0.494,0.37
2026-09-04T05:00:11Z,2026-09-03T22:00:11,src,415620398,5294,0,0,0,0
2026-09-04T05:00:11Z,2026-09-03T22:00:11,data,852032712,12837,29246216,21,0.465,0.35
2026-09-04T05:00:11Z,2026-09-03T22:00:11,.,1267667062,18139,29246216,21,0.465,0.35
2026-09-04T05:01:16Z,2026-09-03T22:01:16,src,415620398,5294,0,0,0,0
2026-09-04T05:01:16Z,2026-09-03T22:01:16,data,883224748,12858,31192036,21,0.496,0.35
2026-09-04T05:01:16Z,2026-09-03T22:01:16,.,1302371766,18162,34704704,23,0.552,0.38
2026-09-04T05:02:20Z,2026-09-03T22:02:20,src,415620398,5294,0,0,0,0
2026-09-04T05:02:20Z,2026-09-03T22:02:20,data,920463108,12881,37238360,23,0.592,0.38
2026-09-04T05:02:20Z,2026-09-03T22:02:20,.,1336097458,18183,33725692,21,0.536,0.35
2026-09-04T05:03:24Z,2026-09-03T22:03:24,src,415620398,5294,0,0,0,0
2026-09-04T05:03:24Z,2026-09-03T22:03:24,data,956706084,12906,36242976,25,0.576,0.42
2026-09-04T05:03:24Z,2026-09-03T22:03:24,.,1374412846,18208,38315388,25,0.609,0.42
2026-09-04T05:04:28Z,2026-09-03T22:04:28,src,415620398,5294,0,0,0,0
2026-09-04T05:04:28Z,2026-09-03T22:04:28,data,1000971832,12931,44265748,25,0.704,0.42
2026-09-04T05:04:28Z,2026-09-03T22:04:28,.,1418437906,18234,44025060,26,0.7,0.43
2026-09-04T05:05:33Z,2026-09-03T22:05:33,src,415620398,5294,0,0,0,0
2026-09-04T05:05:33Z,2026-09-03T22:05:33,data,1035478228,12956,34506396,25,0.548,0.42
2026-09-04T05:05:33Z,2026-09-03T22:05:33,.,1451112578,18258,32674672,24,0.519,0.4
2026-09-04T05:06:37Z,2026-09-03T22:06:37,src,415620398,5294,0,0,0,0
2026-09-04T05:06:37Z,2026-09-03T22:06:37,data,1070544744,12981,35066516,25,0.557,0.42
2026-09-04T05:06:37Z,2026-09-03T22:06:37,.,1486179094,18283,35066516,25,0.557,0.42
2026-09-04T05:07:41Z,2026-09-03T22:07:41,src,415620398,5294,0,0,0,0
2026-09-04T05:07:41Z,2026-09-03T22:07:41,data,1103816144,13005,33271400,24,0.529,0.4
2026-09-04T05:07:41Z,2026-09-03T22:07:41,.,1519450494,18307,33271400,24,0.529,0.4
2026-09-04T05:08:45Z,2026-09-03T22:08:45,src,415620398,5294,0,0,0,0
2026-09-04T05:08:45Z,2026-09-03T22:08:45,data,1139759228,13034,35943084,29,0.571,0.48
2026-09-04T05:08:45Z,2026-09-03T22:08:45,.,1556531310,18338,37080816,31,0.589,0.52
2026-09-04T05:09:49Z,2026-09-03T22:09:49,src,415620398,5294,0,0,0,0
2026-09-04T05:09:49Z,2026-09-03T22:09:49,data,1170112336,13072,30353108,38,0.482,0.63
2026-09-04T05:09:49Z,2026-09-03T22:09:49,.,1586811278,18376,30279968,38,0.481,0.63
2026-09-04T05:10:53Z,2026-09-03T22:10:53,src,415620398,5294,0,0,0,0
2026-09-04T05:10:53Z,2026-09-03T22:10:53,data,1190030968,13111,19918632,39,0.317,0.65
2026-09-04T05:10:53Z,2026-09-03T22:10:53,.,1605665318,18413,18854040,37,0.3,0.62
2026-09-04T05:11:57Z,2026-09-03T22:11:57,src,415620398,5294,0,0,0,0
2026-09-04T05:11:57Z,2026-09-03T22:11:57,data,1209516456,13147,19485488,36,0.31,0.6
2026-09-04T05:11:57Z,2026-09-03T22:11:57,.,1625150806,18449,19485488,36,0.31,0.6
2026-09-04T05:13:02Z,2026-09-03T22:13:02,src,415620398,5294,0,0,0,0
2026-09-04T05:13:02Z,2026-09-03T22:13:02,data,1237934196,13181,28417740,34,0.452,0.57
2026-09-04T05:13:02Z,2026-09-03T22:13:02,.,1654275282,18483,29124476,34,0.463,0.57
2026-09-04T05:14:06Z,2026-09-03T22:14:06,src,415620398,5294,0,0,0,0
2026-09-04T05:14:06Z,2026-09-03T22:14:06,data,1269548404,13209,31614208,28,0.502,0.47
2026-09-04T05:14:06Z,2026-09-03T22:14:06,.,1685182754,18511,30907472,28,0.491,0.47
2026-09-04T05:15:10Z,2026-09-03T22:15:10,src,415620398,5294,0,0,0,0
2026-09-04T05:15:10Z,2026-09-03T22:15:10,data,1300655700,13237,31107296,28,0.494,0.47
2026-09-04T05:15:10Z,2026-09-03T22:15:10,.,1716290050,18539,31107296,28,0.494,0.47
2026-09-04T05:16:14Z,2026-09-03T22:16:14,src,415620398,5294,0,0,0,0
2026-09-04T05:16:14Z,2026-09-03T22:16:14,data,1336341720,13265,35686020,28,0.567,0.47
2026-09-04T05:16:14Z,2026-09-03T22:16:14,.,1752165542,18568,35875492,29,0.57,0.48
2026-09-04T05:17:18Z,2026-09-03T22:17:18,src,415620398,5294,0,0,0,0
2026-09-04T05:17:18Z,2026-09-03T22:17:18,data,1364890716,13288,28548996,23,0.454,0.38
2026-09-04T05:17:18Z,2026-09-03T22:17:18,.,1781278434,18591,29112892,23,0.463,0.38
2026-09-04T05:18:23Z,2026-09-03T22:18:23,src,415620398,5294,0,0,0,0
2026-09-04T05:18:23Z,2026-09-03T22:18:23,data,1390625152,13313,25734436,25,0.409,0.42
2026-09-04T05:18:23Z,2026-09-03T22:18:23,.,1806259502,18615,24981068,24,0.397,0.4
2026-09-04T05:19:27Z,2026-09-03T22:19:27,src,415620398,5294,0,0,0,0
2026-09-04T05:19:27Z,2026-09-03T22:19:27,data,1423485112,13335,32859960,22,0.522,0.37
2026-09-04T05:19:27Z,2026-09-03T22:19:27,.,1841514398,18638,35254896,23,0.56,0.38
2026-09-04T05:20:31Z,2026-09-03T22:20:31,src,415620398,5294,0,0,0,0
2026-09-04T05:20:31Z,2026-09-03T22:20:31,data,1459450572,13364,35965460,29,0.572,0.48
2026-09-04T05:20:31Z,2026-09-03T22:20:31,.,1875084922,18666,33570524,28,0.534,0.47
2026-09-04T05:21:35Z,2026-09-03T22:21:35,src,415620398,5294,0,0,0,0
2026-09-04T05:21:35Z,2026-09-03T22:21:35,data,1487574200,13388,28123628,24,0.447,0.4
2026-09-04T05:21:35Z,2026-09-03T22:21:35,.,1903952186,18691,28867264,25,0.459,0.42
2026-09-04T05:22:39Z,2026-09-03T22:22:39,src,415620398,5294,0,0,0,0
2026-09-04T05:22:39Z,2026-09-03T22:22:39,data,1521880596,13413,34306396,25,0.545,0.42
2026-09-04T05:22:39Z,2026-09-03T22:22:39,.,1938155490,18716,34203304,25,0.544,0.42
2026-09-04T05:23:44Z,2026-09-03T22:23:44,src,415620398,5294,0,0,0,0
2026-09-04T05:23:44Z,2026-09-03T22:23:44,data,1552637468,13443,30756872,30,0.489,0.5
2026-09-04T05:23:44Z,2026-09-03T22:23:44,.,1968271818,18745,30116328,29,0.479,0.48
2026-09-04T05:24:48Z,2026-09-03T22:24:48,src,415620398,5294,0,0,0,0
2026-09-04T05:24:48Z,2026-09-03T22:24:48,data,1585892920,13472,33255452,29,0.529,0.48
2026-09-04T05:24:48Z,2026-09-03T22:24:48,.,2001527270,18774,33255452,29,0.529,0.48
2026-09-04T05:25:52Z,2026-09-03T22:25:52,src,415620398,5294,0,0,0,0
2026-09-04T05:25:52Z,2026-09-03T22:25:52,data,1622148104,13497,36255184,25,0.576,0.42
2026-09-04T05:25:52Z,2026-09-03T22:25:52,.,2038417274,18800,36890004,26,0.586,0.43
2026-09-04T05:26:57Z,2026-09-03T22:26:57,src,415620398,5294,0,0,0,0
2026-09-04T05:26:57Z,2026-09-03T22:26:57,data,1657065744,13522,34917640,25,0.555,0.42
2026-09-04T05:26:57Z,2026-09-03T22:26:57,.,2073441174,18825,35023900,25,0.557,0.42
2026-09-04T05:28:01Z,2026-09-03T22:28:01,src,415620398,5294,0,0,0,0
2026-09-04T05:28:01Z,2026-09-03T22:28:01,data,1692302340,13551,35236596,29,0.56,0.48
2026-09-04T05:28:01Z,2026-09-03T22:28:01,.,2110329402,18854,36888228,29,0.586,0.48
2026-09-04T05:29:05Z,2026-09-03T22:29:05,src,415620398,5294,0,0,0,0
2026-09-04T05:29:05Z,2026-09-03T22:29:05,data,1726256668,13574,33954328,23,0.54,0.38
2026-09-04T05:29:05Z,2026-09-03T22:29:05,.,2143130878,18878,32801476,24,0.521,0.4
2026-09-04T05:30:10Z,2026-09-03T22:30:10,src,415620398,5294,0,0,0,0
2026-09-04T05:30:10Z,2026-09-03T22:30:10,data,1761127548,13600,34870880,26,0.554,0.43
2026-09-04T05:30:10Z,2026-09-03T22:30:10,.,2178210270,18903,35079392,25,0.558,0.42
2026-09-04T05:31:14Z,2026-09-03T22:31:14,src,415620398,5294,0,0,0,0
2026-09-04T05:31:14Z,2026-09-03T22:31:14,data,1792206792,13628,31079244,28,0.494,0.47
2026-09-04T05:31:14Z,2026-09-03T22:31:14,.,2210281870,18932,32071600,29,0.51,0.48
2026-09-04T05:32:18Z,2026-09-03T22:32:18,src,415620398,5294,0,0,0,0
2026-09-04T05:32:18Z,2026-09-03T22:32:18,data,1823728968,13655,31522176,27,0.501,0.45
2026-09-04T05:32:18Z,2026-09-03T22:32:18,.,2240245866,18958,29963996,26,0.476,0.43
2026-09-04T05:33:23Z,2026-09-03T22:33:23,src,415620398,5294,0,0,0,0
2026-09-04T05:33:23Z,2026-09-03T22:33:23,data,1853635436,13676,29906468,21,0.475,0.35
2026-09-04T05:33:23Z,2026-09-03T22:33:23,.,2270403754,18979,30157888,21,0.479,0.35
2026-09-04T05:34:27Z,2026-09-03T22:34:27,src,415620398,5294,0,0,0,0
2026-09-04T05:34:27Z,2026-09-03T22:34:27,data,1881138304,13702,27502868,26,0.437,0.43
2026-09-04T05:34:27Z,2026-09-03T22:34:27,.,2296772654,19004,26368900,25,0.419,0.42
2026-09-04T05:35:31Z,2026-09-03T22:35:31,src,415620398,5294,0,0,0,0
2026-09-04T05:35:31Z,2026-09-03T22:35:31,data,1910036752,13722,28898448,20,0.459,0.33
2026-09-04T05:35:31Z,2026-09-03T22:35:31,.,2325671102,19024,28898448,20,0.459,0.33
2026-09-04T05:36:36Z,2026-09-03T22:36:36,src,415620398,5294,0,0,0,0
2026-09-04T05:36:36Z,2026-09-03T22:36:36,data,1941818972,13749,31782220,27,0.505,0.45
2026-09-04T05:36:36Z,2026-09-03T22:36:36,.,2357453322,19051,31782220,27,0.505,0.45
2026-09-04T05:37:40Z,2026-09-03T22:37:40,src,415620398,5294,0,0,0,0
2026-09-04T05:37:40Z,2026-09-03T22:37:40,data,1962736016,13779,20917044,30,0.332,0.5
2026-09-04T05:37:40Z,2026-09-03T22:37:40,.,2379145786,19082,21692464,31,0.345,0.52
2026-09-04T05:38:45Z,2026-09-03T22:38:45,src,415620398,5294,0,0,0,0
2026-09-04T05:38:45Z,2026-09-03T22:38:45,data,1987305916,13811,24569900,32,0.391,0.53
2026-09-04T05:38:45Z,2026-09-03T22:38:45,.,2403073070,19114,23927284,32,0.38,0.53
2026-09-04T05:39:49Z,2026-09-03T22:39:49,src,415620398,5294,0,0,0,0
2026-09-04T05:39:49Z,2026-09-03T22:39:49,data,2004795080,13842,17489164,31,0.278,0.52
2026-09-04T05:39:49Z,2026-09-03T22:39:49,.,2420429430,19144,17356360,30,0.276,0.5
2026-09-04T05:40:53Z,2026-09-03T22:40:53,src,415620398,5294,0,0,0,0
2026-09-04T05:40:53Z,2026-09-03T22:40:53,data,2021111184,13877,16316104,35,0.259,0.58
2026-09-04T05:40:53Z,2026-09-03T22:40:53,.,2436962994,19180,16533564,36,0.263,0.6
2026-09-04T05:41:58Z,2026-09-03T22:41:58,src,415620398,5294,0,0,0,0
2026-09-04T05:41:58Z,2026-09-03T22:41:58,data,2024392380,13927,3281196,50,0.052,0.83
2026-09-04T05:41:58Z,2026-09-03T22:41:58,.,2440099918,19234,3136924,54,0.05,0.9
2026-09-04T05:43:02Z,2026-09-03T22:43:02,src,415620398,5294,0,0,0,0
2026-09-04T05:43:02Z,2026-09-03T22:43:02,data,2049868832,13963,25476452,36,0.405,0.6
2026-09-04T05:43:02Z,2026-09-03T22:43:02,.,2465606270,19266,25506352,32,0.405,0.53
2026-09-04T05:44:07Z,2026-09-03T22:44:07,src,415620398,5294,0,0,0,0
2026-09-04T05:44:07Z,2026-09-03T22:44:07,data,2068732860,14001,18864028,38,0.3,0.63
2026-09-04T05:44:07Z,2026-09-03T22:44:07,.,2484367210,19303,18760940,37,0.298,0.62
2026-09-04T05:45:11Z,2026-09-03T22:45:11,src,415620398,5294,0,0,0,0
2026-09-04T05:45:11Z,2026-09-03T22:45:11,data,2084523364,14034,15790504,33,0.251,0.55
2026-09-04T05:45:11Z,2026-09-03T22:45:11,.,2501946282,19337,17579072,34,0.279,0.57
2026-09-04T05:46:15Z,2026-09-03T22:46:15,src,415620398,5294,0,0,0,0
2026-09-04T05:46:15Z,2026-09-03T22:46:15,data,2105468472,14073,20945108,39,0.333,0.65
2026-09-04T05:46:15Z,2026-09-03T22:46:15,.,2521102822,19375,19156540,38,0.304,0.63
2026-09-04T05:47:20Z,2026-09-03T22:47:20,src,415620398,5294,0,0,0,0
2026-09-04T05:47:20Z,2026-09-03T22:47:20,data,2115973692,14113,10505220,40,0.167,0.67
2026-09-04T05:47:20Z,2026-09-03T22:47:20,.,2531747114,19416,10644292,41,0.169,0.68
2026-09-04T05:48:24Z,2026-09-03T22:48:24,src,415620398,5294,0,0,0,0
2026-09-04T05:48:24Z,2026-09-03T22:48:24,data,2133111680,14147,17137988,34,0.272,0.57
2026-09-04T05:48:24Z,2026-09-03T22:48:24,.,2548746030,19449,16998916,33,0.27,0.55
2026-09-04T05:49:29Z,2026-09-03T22:49:29,src,415620398,5294,0,0,0,0
2026-09-04T05:49:29Z,2026-09-03T22:49:29,data,2141742644,14180,8630964,33,0.137,0.55
2026-09-04T05:49:29Z,2026-09-03T22:49:29,.,2557509666,19483,8763636,34,0.139,0.57
2026-09-04T05:50:33Z,2026-09-03T22:50:33,src,415620398,5294,0,0,0,0
2026-09-04T05:50:33Z,2026-09-03T22:50:33,data,2155769636,14210,14026992,30,0.223,0.5
2026-09-04T05:50:33Z,2026-09-03T22:50:33,.,2571863774,19514,14354108,31,0.228,0.52
2026-09-04T05:51:38Z,2026-09-03T22:51:38,src,415620398,5294,0,0,0,0
2026-09-04T05:51:38Z,2026-09-03T22:51:38,data,2172928632,14244,17158996,34,0.273,0.57
2026-09-04T05:51:38Z,2026-09-03T22:51:38,.,2588562982,19546,16699208,32,0.265,0.53
2026-09-04T05:52:43Z,2026-09-03T22:52:43,src,415620398,5294,0,0,0,0
2026-09-04T05:52:43Z,2026-09-03T22:52:43,data,2190351068,14278,17422436,34,0.277,0.57
2026-09-04T05:52:43Z,2026-09-03T22:52:43,.,2607846654,19582,19283672,36,0.307,0.6
2026-09-04T05:53:48Z,2026-09-03T22:53:48,src,415620398,5294,0,0,0,0
2026-09-04T05:53:48Z,2026-09-03T22:53:48,data,2197646192,14306,7295124,28,0.116,0.47
2026-09-04T05:53:48Z,2026-09-03T22:53:48,.,2613470546,19609,5623892,27,0.089,0.45
2026-09-04T05:54:52Z,2026-09-03T22:54:52,src,415620398,5294,0,0,0,0
2026-09-04T05:54:52Z,2026-09-03T22:54:52,data,2225854892,14328,28208700,22,0.448,0.37
2026-09-04T05:54:52Z,2026-09-03T22:54:52,.,2641489242,19630,28018696,21,0.445,0.35
2026-09-04T05:55:56Z,2026-09-03T22:55:56,src,415620398,5294,0,0,0,0
2026-09-04T05:55:56Z,2026-09-03T22:55:56,data,2262267324,14354,36412432,26,0.579,0.43
2026-09-04T05:55:56Z,2026-09-03T22:55:56,.,2677901674,19656,36412432,26,0.579,0.43
2026-09-04T05:57:01Z,2026-09-03T22:57:01,src,415620398,5294,0,0,0,0
2026-09-04T05:57:01Z,2026-09-03T22:57:01,data,2302438896,14378,40171572,24,0.639,0.4
2026-09-04T05:57:01Z,2026-09-03T22:57:01,.,2720086006,19681,42184332,25,0.671,0.42
2026-09-04T05:58:06Z,2026-09-03T22:58:06,src,415620398,5294,0,0,0,0
2026-09-04T05:58:06Z,2026-09-03T22:58:06,data,2336014860,14406,33575964,28,0.534,0.47
2026-09-04T05:58:06Z,2026-09-03T22:58:06,.,2751649238,19709,31563232,28,0.502,0.47
2026-09-04T05:59:12Z,2026-09-03T22:59:12,src,415620398,5294,0,0,0,0
2026-09-04T05:59:12Z,2026-09-03T22:59:12,data,2341709932,14440,5695072,34,0.091,0.57
2026-09-04T05:59:12Z,2026-09-03T22:59:12,.,2757435998,19743,5786760,34,0.092,0.57
2026-09-04T06:00:17Z,2026-09-03T23:00:17,src,415620398,5294,0,0,0,0
2026-09-04T06:00:17Z,2026-09-03T23:00:17,data,2349803964,14467,8094032,27,0.129,0.45
2026-09-04T06:00:17Z,2026-09-03T23:00:17,.,2765438314,19769,8002316,26,0.127,0.43
2026-09-04T06:01:21Z,2026-09-03T23:01:21,src,415620398,5294,0,0,0,0
2026-09-04T06:01:21Z,2026-09-03T23:01:21,data,2374729672,14493,24925708,26,0.396,0.43
2026-09-04T06:01:21Z,2026-09-03T23:01:21,.,2791962502,19796,26524188,27,0.422,0.45
2026-09-04T06:02:26Z,2026-09-03T23:02:26,src,415620398,5294,0,0,0,0
2026-09-04T06:02:26Z,2026-09-03T23:02:26,data,2398256788,14523,23527116,30,0.374,0.5
2026-09-04T06:02:26Z,2026-09-03T23:02:26,.,2813891138,19825,21928636,29,0.349,0.48
2026-09-04T06:03:30Z,2026-09-03T23:03:30,src,415620398,5294,0,0,0,0
2026-09-04T06:03:30Z,2026-09-03T23:03:30,data,2428342776,14549,30085988,26,0.478,0.43
2026-09-04T06:03:30Z,2026-09-03T23:03:30,.,2843977126,19851,30085988,26,0.478,0.43
2026-09-04T06:04:34Z,2026-09-03T23:04:34,src,415620398,5294,0,0,0,0
2026-09-04T06:04:34Z,2026-09-03T23:04:34,data,2443079816,14575,14737040,26,0.234,0.43
2026-09-04T06:04:34Z,2026-09-03T23:04:34,.,2858714166,19877,14737040,26,0.234,0.43
2026-09-04T06:05:39Z,2026-09-03T23:05:39,src,415620398,5294,0,0,0,0
2026-09-04T06:05:39Z,2026-09-03T23:05:39,data,2470590372,14591,27510556,16,0.437,0.27
2026-09-04T06:05:39Z,2026-09-03T23:05:39,.,2888033982,19894,29319816,17,0.466,0.28
2026-09-04T06:06:44Z,2026-09-03T23:06:44,src,415620398,5294,0,0,0,0
2026-09-04T06:06:44Z,2026-09-03T23:06:44,data,2479797261,14597,9206889,6,0.146,0.1
2026-09-04T06:06:44Z,2026-09-03T23:06:44,.,2895786830,19903,7752848,9,0.123,0.15
2026-09-04T06:07:48Z,2026-09-03T23:07:48,src,415620398,5294,0,0,0,0
2026-09-04T06:07:48Z,2026-09-03T23:07:48,data,2479797261,14597,0,0,0,0
2026-09-04T06:07:48Z,2026-09-03T23:07:48,.,2895786830,19903,0,0,0,0
2026-09-04T06:08:53Z,2026-09-03T23:08:53,src,415620398,5294,0,0,0,0
2026-09-04T06:08:53Z,2026-09-03T23:08:53,data,2479797261,14597,0,0,0,0
2026-09-04T06:08:53Z,2026-09-03T23:08:53,.,2895786830,19903,0,0,0,0
2026-09-04T06:09:58Z,2026-09-03T23:09:58,src,415620398,5294,0,0,0,0
2026-09-04T06:09:58Z,2026-09-03T23:09:58,data,2479797261,14597,0,0,0,0
2026-09-04T06:09:58Z,2026-09-03T23:09:58,.,2895786830,19903,0,0,0,0
2026-09-04T06:11:02Z,2026-09-03T23:11:02,src,415620398,5294,0,0,0,0
2026-09-04T06:11:02Z,2026-09-03T23:11:02,data,2479797261,14597,0,0,0,0
2026-09-04T06:11:02Z,2026-09-03T23:11:02,.,2895786830,19903,0,0,0,0
2026-09-04T06:12:07Z,2026-09-03T23:12:07,src,415620398,5294,0,0,0,0
2026-09-04T06:12:07Z,2026-09-03T23:12:07,data,2479797261,14597,0,0,0,0
2026-09-04T06:12:07Z,2026-09-03T23:12:07,.,2895786830,19903,0,0,0,0
2026-09-04T06:13:12Z,2026-09-03T23:13:12,src,415620398,5294,0,0,0,0
2026-09-04T06:13:12Z,2026-09-03T23:13:12,data,2479797261,14597,0,0,0,0
2026-09-04T06:13:12Z,2026-09-03T23:13:12,.,2895786844,19903,14,0,0,0
2026-09-04T06:14:17Z,2026-09-03T23:14:17,src,415620398,5294,0,0,0,0
2026-09-04T06:14:17Z,2026-09-03T23:14:17,data,2479797261,14597,0,0,0,0
2026-09-04T06:14:17Z,2026-09-03T23:14:17,.,2895786844,19903,0,0,0,0
2026-09-04T06:15:22Z,2026-09-03T23:15:22,src,415620398,5294,0,0,0,0
2026-09-04T06:15:22Z,2026-09-03T23:15:22,data,2479797261,14597,0,0,0,0
2026-09-04T06:15:22Z,2026-09-03T23:15:22,.,2895786844,19903,0,0,0,0
2026-09-04T06:16:27Z,2026-09-03T23:16:27,src,415620398,5294,0,0,0,0
2026-09-04T06:16:27Z,2026-09-03T23:16:27,data,2479797261,14597,0,0,0,0
2026-09-04T06:16:27Z,2026-09-03T23:16:27,.,2895786844,19903,0,0,0,0
2026-09-04T06:17:32Z,2026-09-03T23:17:32,src,415620398,5294,0,0,0,0
2026-09-04T06:17:32Z,2026-09-03T23:17:32,data,2479797261,14597,0,0,0,0
2026-09-04T06:17:32Z,2026-09-03T23:17:32,.,2895786844,19903,0,0,0,0
2026-09-04T06:18:37Z,2026-09-03T23:18:37,src,415620398,5294,0,0,0,0
2026-09-04T06:18:37Z,2026-09-03T23:18:37,data,2479797261,14597,0,0,0,0
2026-09-04T06:18:37Z,2026-09-03T23:18:37,.,2895786844,19903,0,0,0,0
2026-09-04T06:19:42Z,2026-09-03T23:19:42,src,415620398,5294,0,0,0,0
2026-09-04T06:19:42Z,2026-09-03T23:19:42,data,2479797261,14597,0,0,0,0
2026-09-04T06:19:42Z,2026-09-03T23:19:42,.,2895786844,19903,0,0,0,0
2026-09-04T06:20:47Z,2026-09-03T23:20:47,src,415620398,5294,0,0,0,0
2026-09-04T06:20:47Z,2026-09-03T23:20:47,data,2479797261,14597,0,0,0,0
2026-09-04T06:20:47Z,2026-09-03T23:20:47,.,2895786844,19903,0,0,0,0
2026-09-04T06:21:52Z,2026-09-03T23:21:52,src,415620398,5294,0,0,0,0
2026-09-04T06:21:52Z,2026-09-03T23:21:52,data,2479797261,14597,0,0,0,0
2026-09-04T06:21:52Z,2026-09-03T23:21:52,.,2895786844,19903,0,0,0,0
2026-09-04T06:22:57Z,2026-09-03T23:22:57,src,415620398,5294,0,0,0,0
2026-09-04T06:22:57Z,2026-09-03T23:22:57,data,2479797261,14597,0,0,0,0
2026-09-04T06:22:57Z,2026-09-03T23:22:57,.,2895786844,19903,0,0,0,0
2026-09-04T06:24:02Z,2026-09-03T23:24:02,src,415620398,5294,0,0,0,0
2026-09-04T06:24:02Z,2026-09-03T23:24:02,data,2479797261,14597,0,0,0,0
2026-09-04T06:24:02Z,2026-09-03T23:24:02,.,2895786844,19903,0,0,0,0
2026-09-04T06:25:07Z,2026-09-03T23:25:07,src,415620398,5294,0,0,0,0
2026-09-04T06:25:07Z,2026-09-03T23:25:07,data,2479797261,14597,0,0,0,0
2026-09-04T06:25:07Z,2026-09-03T23:25:07,.,2895786844,19903,0,0,0,0
2026-09-04T06:26:12Z,2026-09-03T23:26:12,src,415620398,5294,0,0,0,0
2026-09-04T06:26:12Z,2026-09-03T23:26:12,data,2479797261,14597,0,0,0,0
2026-09-04T06:26:12Z,2026-09-03T23:26:12,.,2895786844,19903,0,0,0,0
2026-09-04T06:27:17Z,2026-09-03T23:27:17,src,415620398,5294,0,0,0,0
2026-09-04T06:27:17Z,2026-09-03T23:27:17,data,2479797261,14597,0,0,0,0
2026-09-04T06:27:17Z,2026-09-03T23:27:17,.,2895786844,19903,0,0,0,0
2026-09-04T06:28:21Z,2026-09-03T23:28:21,src,415620398,5294,0,0,0,0
2026-09-04T06:28:21Z,2026-09-03T23:28:21,data,2479797261,14597,0,0,0,0
2026-09-04T06:28:21Z,2026-09-03T23:28:21,.,2895786844,19903,0,0,0,0
2026-09-04T06:29:26Z,2026-09-03T23:29:26,src,415620398,5294,0,0,0,0
2026-09-04T06:29:26Z,2026-09-03T23:29:26,data,2479797261,14597,0,0,0,0
2026-09-04T06:29:26Z,2026-09-03T23:29:26,.,2895786844,19903,0,0,0,0
2026-09-04T06:30:31Z,2026-09-03T23:30:31,src,415620398,5294,0,0,0,0
2026-09-04T06:30:31Z,2026-09-03T23:30:31,data,2479797261,14597,0,0,0,0
2026-09-04T06:30:31Z,2026-09-03T23:30:31,.,2895786844,19903,0,0,0,0
2026-09-04T06:31:36Z,2026-09-03T23:31:36,src,415620398,5294,0,0,0,0
2026-09-04T06:31:36Z,2026-09-03T23:31:36,data,2479797261,14597,0,0,0,0
2026-09-04T06:31:36Z,2026-09-03T23:31:36,.,2895786844,19903,0,0,0,0
2026-09-04T06:32:41Z,2026-09-03T23:32:41,src,415620398,5294,0,0,0,0
2026-09-04T06:32:41Z,2026-09-03T23:32:41,data,2479797261,14597,0,0,0,0
2026-09-04T06:32:41Z,2026-09-03T23:32:41,.,2895786844,19903,0,0,0,0
2026-09-04T06:33:46Z,2026-09-03T23:33:46,src,415620398,5294,0,0,0,0
2026-09-04T06:33:46Z,2026-09-03T23:33:46,data,2479797261,14597,0,0,0,0
2026-09-04T06:33:46Z,2026-09-03T23:33:46,.,2895786844,19903,0,0,0,0
2026-09-04T06:34:51Z,2026-09-03T23:34:51,src,415620398,5294,0,0,0,0
2026-09-04T06:34:51Z,2026-09-03T23:34:51,data,2479797261,14597,0,0,0,0
2026-09-04T06:34:51Z,2026-09-03T23:34:51,.,2895786844,19903,0,0,0,0
2026-09-04T06:35:56Z,2026-09-03T23:35:56,src,415620398,5294,0,0,0,0
2026-09-04T06:35:56Z,2026-09-03T23:35:56,data,2479797261,14597,0,0,0,0
2026-09-04T06:35:56Z,2026-09-03T23:35:56,.,2895786844,19903,0,0,0,0
2026-09-04T06:37:01Z,2026-09-03T23:37:01,src,415620398,5294,0,0,0,0
2026-09-04T06:37:01Z,2026-09-03T23:37:01,data,2479797261,14597,0,0,0,0
2026-09-04T06:37:01Z,2026-09-03T23:37:01,.,2895786844,19903,0,0,0,0
2026-09-04T06:38:06Z,2026-09-03T23:38:06,src,415620398,5294,0,0,0,0
2026-09-04T06:38:06Z,2026-09-03T23:38:06,data,2479797261,14597,0,0,0,0
2026-09-04T06:38:06Z,2026-09-03T23:38:06,.,2895786844,19903,0,0,0,0
2026-09-04T06:39:11Z,2026-09-03T23:39:11,src,415620398,5294,0,0,0,0
2026-09-04T06:39:11Z,2026-09-03T23:39:11,data,2479797261,14597,0,0,0,0
2026-09-04T06:39:11Z,2026-09-03T23:39:11,.,2895786844,19903,0,0,0,0
2026-09-04T06:40:16Z,2026-09-03T23:40:16,src,415620398,5294,0,0,0,0
2026-09-04T06:40:16Z,2026-09-03T23:40:16,data,2479797261,14597,0,0,0,0
2026-09-04T06:40:16Z,2026-09-03T23:40:16,.,2895786844,19903,0,0,0,0
2026-09-04T06:41:21Z,2026-09-03T23:41:21,src,415620398,5294,0,0,0,0
2026-09-04T06:41:21Z,2026-09-03T23:41:21,data,2479797261,14597,0,0,0,0
2026-09-04T06:41:21Z,2026-09-03T23:41:21,.,2895786844,19903,0,0,0,0
2026-09-04T06:42:26Z,2026-09-03T23:42:26,src,415620398,5294,0,0,0,0
2026-09-04T06:42:26Z,2026-09-03T23:42:26,data,2479797261,14597,0,0,0,0
2026-09-04T06:42:26Z,2026-09-03T23:42:26,.,2895786844,19903,0,0,0,0
2026-09-04T06:43:31Z,2026-09-03T23:43:31,src,415620398,5294,0,0,0,0
2026-09-04T06:43:31Z,2026-09-03T23:43:31,data,2479797261,14597,0,0,0,0
2026-09-04T06:43:31Z,2026-09-03T23:43:31,.,2895786844,19903,0,0,0,0
2026-09-04T06:44:36Z,2026-09-03T23:44:36,src,415620398,5294,0,0,0,0
2026-09-04T06:44:36Z,2026-09-03T23:44:36,data,2479797261,14597,0,0,0,0
2026-09-04T06:44:36Z,2026-09-03T23:44:36,.,2895786844,19903,0,0,0,0
2026-09-04T06:45:42Z,2026-09-03T23:45:42,src,415620398,5294,0,0,0,0
2026-09-04T06:45:42Z,2026-09-03T23:45:42,data,2479797261,14597,0,0,0,0
2026-09-04T06:45:42Z,2026-09-03T23:45:42,.,2895786844,19903,0,0,0,0
2026-09-04T06:46:47Z,2026-09-03T23:46:47,src,415620398,5294,0,0,0,0
2026-09-04T06:46:47Z,2026-09-03T23:46:47,data,2479797261,14597,0,0,0,0
2026-09-04T06:46:47Z,2026-09-03T23:46:47,.,2895786844,19903,0,0,0,0
2026-09-04T06:47:53Z,2026-09-03T23:47:53,src,415620398,5294,0,0,0,0
2026-09-04T06:47:53Z,2026-09-03T23:47:53,data,2479797261,14597,0,0,0,0
2026-09-04T06:47:53Z,2026-09-03T23:47:53,.,2895786844,19903,0,0,0,0
2026-09-04T06:48:57Z,2026-09-03T23:48:57,src,415620398,5294,0,0,0,0
2026-09-04T06:48:57Z,2026-09-03T23:48:57,data,2479797261,14597,0,0,0,0
2026-09-04T06:48:57Z,2026-09-03T23:48:57,.,2895786844,19903,0,0,0,0
2026-09-04T06:50:02Z,2026-09-03T23:50:02,src,415620398,5294,0,0,0,0
2026-09-04T06:50:02Z,2026-09-03T23:50:02,data,2479797261,14597,0,0,0,0
2026-09-04T06:50:02Z,2026-09-03T23:50:02,.,2895786844,19903,0,0,0,0
2026-09-04T06:51:08Z,2026-09-03T23:51:08,src,415620398,5294,0,0,0,0
2026-09-04T06:51:08Z,2026-09-03T23:51:08,data,2479797261,14597,0,0,0,0
2026-09-04T06:51:08Z,2026-09-03T23:51:08,.,2895786844,19903,0,0,0,0
2026-09-04T06:52:13Z,2026-09-03T23:52:13,src,415620398,5294,0,0,0,0
2026-09-04T06:52:13Z,2026-09-03T23:52:13,data,2479797261,14597,0,0,0,0
2026-09-04T06:52:13Z,2026-09-03T23:52:13,.,2895786844,19903,0,0,0,0
2026-09-04T06:53:18Z,2026-09-03T23:53:18,src,415620398,5294,0,0,0,0
2026-09-04T06:53:18Z,2026-09-03T23:53:18,data,2479797261,14597,0,0,0,0
2026-09-04T06:53:18Z,2026-09-03T23:53:18,.,2895786844,19903,0,0,0,0
2026-09-04T06:54:23Z,2026-09-03T23:54:23,src,415620398,5294,0,0,0,0
2026-09-04T06:54:23Z,2026-09-03T23:54:23,data,2479797261,14597,0,0,0,0
2026-09-04T06:54:23Z,2026-09-03T23:54:23,.,2895786844,19903,0,0,0,0
2026-09-04T06:55:28Z,2026-09-03T23:55:28,src,415620398,5294,0,0,0,0
2026-09-04T06:55:28Z,2026-09-03T23:55:28,data,2479797261,14597,0,0,0,0
2026-09-04T06:55:28Z,2026-09-03T23:55:28,.,2895786844,19903,0,0,0,0
2026-09-04T06:56:33Z,2026-09-03T23:56:33,src,415620398,5294,0,0,0,0
2026-09-04T06:56:33Z,2026-09-03T23:56:33,data,2479797261,14597,0,0,0,0
2026-09-04T06:56:33Z,2026-09-03T23:56:33,.,2895786844,19903,0,0,0,0
2026-09-04T06:57:37Z,2026-09-03T23:57:37,src,415620398,5294,0,0,0,0
2026-09-04T06:57:37Z,2026-09-03T23:57:37,data,2479797261,14597,0,0,0,0
2026-09-04T06:57:37Z,2026-09-03T23:57:37,.,2895786844,19903,0,0,0,0
2026-09-04T06:58:42Z,2026-09-03T23:58:42,src,415620398,5294,0,0,0,0
2026-09-04T06:58:42Z,2026-09-03T23:58:42,data,2479797261,14597,0,0,0,0
2026-09-04T06:58:42Z,2026-09-03T23:58:42,.,2895786844,19903,0,0,0,0
2026-09-04T06:59:47Z,2026-09-03T23:59:47,src,415620398,5294,0,0,0,0
2026-09-04T06:59:47Z,2026-09-03T23:59:47,data,2479797261,14597,0,0,0,0
2026-09-04T06:59:47Z,2026-09-03T23:59:47,.,2895786844,19903,0,0,0,0
2026-09-04T07:00:52Z,2026-09-04T00:00:52,src,415620398,5294,0,0,0,0
2026-09-04T07:00:52Z,2026-09-04T00:00:52,data,2479797261,14597,0,0,0,0
2026-09-04T07:00:52Z,2026-09-04T00:00:52,.,2895786844,19903,0,0,0,0
2026-09-04T07:01:57Z,2026-09-04T00:01:57,src,415620398,5294,0,0,0,0
2026-09-04T07:01:57Z,2026-09-04T00:01:57,data,2479797261,14597,0,0,0,0
2026-09-04T07:01:57Z,2026-09-04T00:01:57,.,2895786844,19903,0,0,0,0
2026-09-04T07:03:02Z,2026-09-04T00:03:02,src,415620398,5294,0,0,0,0
2026-09-04T07:03:02Z,2026-09-04T00:03:02,data,2479797261,14597,0,0,0,0
2026-09-04T07:03:02Z,2026-09-04T00:03:02,.,2895786844,19903,0,0,0,0
2026-09-04T07:04:07Z,2026-09-04T00:04:07,src,415620398,5294,0,0,0,0
2026-09-04T07:04:07Z,2026-09-04T00:04:07,data,2479797261,14597,0,0,0,0
2026-09-04T07:04:07Z,2026-09-04T00:04:07,.,2895786844,19903,0,0,0,0
2026-09-04T07:05:12Z,2026-09-04T00:05:12,src,415620398,5294,0,0,0,0
2026-09-04T07:05:12Z,2026-09-04T00:05:12,data,2479797261,14597,0,0,0,0
2026-09-04T07:05:12Z,2026-09-04T00:05:12,.,2895786844,19903,0,0,0,0
2026-09-04T07:06:17Z,2026-09-04T00:06:17,src,415620398,5294,0,0,0,0
2026-09-04T07:06:17Z,2026-09-04T00:06:17,data,2479797261,14597,0,0,0,0
2026-09-04T07:06:17Z,2026-09-04T00:06:17,.,2895786844,19903,0,0,0,0
2026-09-04T07:07:22Z,2026-09-04T00:07:22,src,415620398,5294,0,0,0,0
2026-09-04T07:07:22Z,2026-09-04T00:07:22,data,2479797261,14597,0,0,0,0
2026-09-04T07:07:22Z,2026-09-04T00:07:22,.,2895786844,19903,0,0,0,0
2026-09-04T07:08:27Z,2026-09-04T00:08:27,src,415620398,5294,0,0,0,0
2026-09-04T07:08:27Z,2026-09-04T00:08:27,data,2479797261,14597,0,0,0,0
2026-09-04T07:08:27Z,2026-09-04T00:08:27,.,2895786844,19903,0,0,0,0
2026-09-04T07:09:32Z,2026-09-04T00:09:32,src,415620398,5294,0,0,0,0
2026-09-04T07:09:32Z,2026-09-04T00:09:32,data,2479797261,14597,0,0,0,0
2026-09-04T07:09:32Z,2026-09-04T00:09:32,.,2895786844,19903,0,0,0,0
2026-09-04T07:10:37Z,2026-09-04T00:10:37,src,415620398,5294,0,0,0,0
2026-09-04T07:10:37Z,2026-09-04T00:10:37,data,2479797261,14597,0,0,0,0
2026-09-04T07:10:37Z,2026-09-04T00:10:37,.,2895786844,19903,0,0,0,0
2026-09-04T07:11:41Z,2026-09-04T00:11:41,src,415620398,5294,0,0,0,0
2026-09-04T07:11:41Z,2026-09-04T00:11:41,data,2479797261,14597,0,0,0,0
2026-09-04T07:11:41Z,2026-09-04T00:11:41,.,2895786844,19903,0,0,0,0
